/*
 Navicat Premium Data Transfer

 Source Server         : Mysql_local
 Source Server Type    : MySQL
 Source Server Version : 50744
 Source Host           : localhost:3306
 Source Schema         : certification

 Target Server Type    : MySQL
 Target Server Version : 50744
 File Encoding         : 65001

 Date: 15/11/2024 10:23:04
*/

SET NAMES utf8mb4;
SET FOREIGN_KEY_CHECKS = 0;

-- ----------------------------
-- Table structure for sys_approve
-- ----------------------------
DROP TABLE IF EXISTS `sys_approve`;
CREATE TABLE `sys_approve`  (
  `id` int(11) NOT NULL AUTO_INCREMENT,
  `room_id` int(11) NOT NULL,
  `manager_id` int(11) NOT NULL,
  `user_id` int(11) NOT NULL,
  `pro_status` tinyint(4) NOT NULL,
  `app_status` tinyint(255) NOT NULL,
  `create_time` datetime(0) NOT NULL,
  `notes` longtext CHARACTER SET utf8 COLLATE utf8_general_ci NULL,
  PRIMARY KEY (`id`) USING BTREE,
  INDEX `room_id`(`room_id`) USING BTREE,
  INDEX `manager_id`(`manager_id`) USING BTREE,
  INDEX `user_id`(`user_id`) USING BTREE,
  CONSTRAINT `room_id` FOREIGN KEY (`room_id`) REFERENCES `sys_room` (`id`) ON DELETE NO ACTION ON UPDATE NO ACTION,
  CONSTRAINT `sys_approve_ibfk_1` FOREIGN KEY (`manager_id`) REFERENCES `sys_manager` (`id`) ON DELETE NO ACTION ON UPDATE NO ACTION,
  CONSTRAINT `sys_approve_ibfk_2` FOREIGN KEY (`user_id`) REFERENCES `sys_user` (`id`) ON DELETE NO ACTION ON UPDATE NO ACTION
) ENGINE = InnoDB AUTO_INCREMENT = 13 CHARACTER SET = utf8 COLLATE = utf8_general_ci ROW_FORMAT = Dynamic;

-- ----------------------------
-- Records of sys_approve
-- ----------------------------
INSERT INTO `sys_approve` VALUES (5, 122, 22, 1, 1, 1, '2024-11-14 01:18:34', '安全检查');
INSERT INTO `sys_approve` VALUES (6, 3, 3, 1, 1, 1, '2024-11-14 01:46:49', '安全检查');
INSERT INTO `sys_approve` VALUES (7, 122, 22, 4, 1, 1, '2024-11-14 01:47:52', '安全检查');
INSERT INTO `sys_approve` VALUES (8, 122, 22, 395, 1, 0, '2024-11-14 01:48:45', '111');
INSERT INTO `sys_approve` VALUES (9, 455, 67, 1, 1, 1, '2024-11-15 02:14:37', NULL);
INSERT INTO `sys_approve` VALUES (10, 455, 67, 1, 1, 1, '2024-11-15 02:15:07', NULL);
INSERT INTO `sys_approve` VALUES (11, 455, 67, 1, 1, 1, '2024-11-15 02:16:36', NULL);
INSERT INTO `sys_approve` VALUES (12, 455, 67, 1, 1, 1, '2024-11-15 02:21:16', NULL);

-- ----------------------------
-- Table structure for sys_manager
-- ----------------------------
DROP TABLE IF EXISTS `sys_manager`;
CREATE TABLE `sys_manager`  (
  `id` int(11) NOT NULL AUTO_INCREMENT,
  `user_id` int(11) NOT NULL,
  `telephone` varchar(50) CHARACTER SET utf8 COLLATE utf8_general_ci NOT NULL,
  `address` varchar(255) CHARACTER SET utf8 COLLATE utf8_general_ci NULL DEFAULT NULL,
  PRIMARY KEY (`id`) USING BTREE,
  INDEX `sys_manager_ibfk_1`(`user_id`) USING BTREE,
  INDEX `sys_manager_ibfk_2`(`telephone`) USING BTREE,
  CONSTRAINT `sys_manager_ibfk_1` FOREIGN KEY (`user_id`) REFERENCES `sys_user` (`id`) ON DELETE CASCADE ON UPDATE CASCADE,
  CONSTRAINT `sys_manager_ibfk_2` FOREIGN KEY (`telephone`) REFERENCES `sys_user` (`telephone`) ON DELETE CASCADE ON UPDATE CASCADE
) ENGINE = InnoDB AUTO_INCREMENT = 106 CHARACTER SET = utf8 COLLATE = utf8_general_ci ROW_FORMAT = Dynamic;

-- ----------------------------
-- Records of sys_manager
-- ----------------------------
INSERT INTO `sys_manager` VALUES (2, 119, '15082179800', '');
INSERT INTO `sys_manager` VALUES (3, 121, '13908115504', '');
INSERT INTO `sys_manager` VALUES (4, 122, '18381670989', '');
INSERT INTO `sys_manager` VALUES (5, 124, '15196273222', '');
INSERT INTO `sys_manager` VALUES (6, 157, '13404000338', '');
INSERT INTO `sys_manager` VALUES (7, 158, '13981156042', '');
INSERT INTO `sys_manager` VALUES (8, 159, '13698123295', '');
INSERT INTO `sys_manager` VALUES (9, 160, '18781129075', '');
INSERT INTO `sys_manager` VALUES (10, 125, '13778088050', '');
INSERT INTO `sys_manager` VALUES (11, 10, '13990157272', '');
INSERT INTO `sys_manager` VALUES (12, 9, '15928206269', '');
INSERT INTO `sys_manager` VALUES (13, 8, '18380551032', '');
INSERT INTO `sys_manager` VALUES (14, 7, '15884644305', '');
INSERT INTO `sys_manager` VALUES (15, 161, '13890118104', '');
INSERT INTO `sys_manager` VALUES (16, 162, '13890156521', '');
INSERT INTO `sys_manager` VALUES (17, 163, '18781100670', '');
INSERT INTO `sys_manager` VALUES (18, 6, '13881181888', '');
INSERT INTO `sys_manager` VALUES (19, 164, '15884640668', '');
INSERT INTO `sys_manager` VALUES (20, 132, '13608112347', '');
INSERT INTO `sys_manager` VALUES (21, 127, '13990176286', '');
INSERT INTO `sys_manager` VALUES (22, 165, '15884659993', '');
INSERT INTO `sys_manager` VALUES (23, 166, '13980122050', '');
INSERT INTO `sys_manager` VALUES (24, 167, '18380573475', '');
INSERT INTO `sys_manager` VALUES (25, 101, '13778151761', '');
INSERT INTO `sys_manager` VALUES (26, 130, '13990101857', '');
INSERT INTO `sys_manager` VALUES (27, 133, '15984639980', '');
INSERT INTO `sys_manager` VALUES (28, 135, '13778019988', '');
INSERT INTO `sys_manager` VALUES (29, 140, '13981185556', '');
INSERT INTO `sys_manager` VALUES (30, 76, '13550801655', '');
INSERT INTO `sys_manager` VALUES (31, 139, '13808116708', '');
INSERT INTO `sys_manager` VALUES (32, 143, '18881600008', '');
INSERT INTO `sys_manager` VALUES (33, 141, '18781660909', '');
INSERT INTO `sys_manager` VALUES (34, 168, '18780476797', '');
INSERT INTO `sys_manager` VALUES (35, 169, '13981102150', '');
INSERT INTO `sys_manager` VALUES (36, 170, '13408107714', '');
INSERT INTO `sys_manager` VALUES (37, 137, '13458070037', '');
INSERT INTO `sys_manager` VALUES (38, 11, '13909013938', '');
INSERT INTO `sys_manager` VALUES (39, 22, '18380550481', '');
INSERT INTO `sys_manager` VALUES (40, 20, '15280930399', '');
INSERT INTO `sys_manager` VALUES (41, 171, '15884683056', '');
INSERT INTO `sys_manager` VALUES (42, 172, '13989290404', '');
INSERT INTO `sys_manager` VALUES (43, 173, '18780407555', '');
INSERT INTO `sys_manager` VALUES (44, 174, '13881168133', '');
INSERT INTO `sys_manager` VALUES (45, 175, '18781688827', '');
INSERT INTO `sys_manager` VALUES (46, 176, '13778111451', '');
INSERT INTO `sys_manager` VALUES (47, 177, '19881622136', '');
INSERT INTO `sys_manager` VALUES (48, 15, '13981269777', '');
INSERT INTO `sys_manager` VALUES (49, 12, '18781601767', '');
INSERT INTO `sys_manager` VALUES (50, 13, '15881620202', '');
INSERT INTO `sys_manager` VALUES (51, 178, '18780570770', '');
INSERT INTO `sys_manager` VALUES (52, 179, '18781179966', '');
INSERT INTO `sys_manager` VALUES (53, 40, '13778167983', '');
INSERT INTO `sys_manager` VALUES (54, 180, '13541765095', '');
INSERT INTO `sys_manager` VALUES (55, 181, '13908113038', '');
INSERT INTO `sys_manager` VALUES (56, 182, '15892642334', '');
INSERT INTO `sys_manager` VALUES (57, 18, '13908114284', '');
INSERT INTO `sys_manager` VALUES (58, 183, '15228303274', '');
INSERT INTO `sys_manager` VALUES (59, 153, '13908117401', '');
INSERT INTO `sys_manager` VALUES (60, 155, '13890183610', '');
INSERT INTO `sys_manager` VALUES (61, 154, '13990167377', '');
INSERT INTO `sys_manager` VALUES (62, 184, '18781145683', '');
INSERT INTO `sys_manager` VALUES (63, 156, '13881193670', '');
INSERT INTO `sys_manager` VALUES (64, 152, '15228773117', '');
INSERT INTO `sys_manager` VALUES (65, 185, '13981127763', '');
INSERT INTO `sys_manager` VALUES (66, 186, '13518309139', '');
INSERT INTO `sys_manager` VALUES (67, 187, '15182327285', '');
INSERT INTO `sys_manager` VALUES (68, 26, '13700965356', '');
INSERT INTO `sys_manager` VALUES (69, 24, '15008161844', '');
INSERT INTO `sys_manager` VALUES (70, 188, '18881612886', '');
INSERT INTO `sys_manager` VALUES (71, 189, '15182378213', '');
INSERT INTO `sys_manager` VALUES (72, 23, '18380550653', '');
INSERT INTO `sys_manager` VALUES (73, 190, '15882889255', '');
INSERT INTO `sys_manager` VALUES (74, 30, '13989289910', '');
INSERT INTO `sys_manager` VALUES (75, 27, '15281129972', '');
INSERT INTO `sys_manager` VALUES (76, 32, '13550856538', '');
INSERT INTO `sys_manager` VALUES (77, 191, '15892672693', '');
INSERT INTO `sys_manager` VALUES (78, 31, '15281115225', '');
INSERT INTO `sys_manager` VALUES (79, 192, '18780566479', '');
INSERT INTO `sys_manager` VALUES (80, 108, '13508127800', '');
INSERT INTO `sys_manager` VALUES (81, 109, '13608127736', '');
INSERT INTO `sys_manager` VALUES (82, 106, '13989272090', '');
INSERT INTO `sys_manager` VALUES (83, 107, '18728858808', '');
INSERT INTO `sys_manager` VALUES (84, 112, '13890101869', '');
INSERT INTO `sys_manager` VALUES (85, 110, '13908117238', '');
INSERT INTO `sys_manager` VALUES (86, 193, '13699633171', '');
INSERT INTO `sys_manager` VALUES (87, 111, '18380550897', '');
INSERT INTO `sys_manager` VALUES (88, 194, '13890110750', '');
INSERT INTO `sys_manager` VALUES (89, 195, '13548422207', '');
INSERT INTO `sys_manager` VALUES (90, 151, '13990142255', '');
INSERT INTO `sys_manager` VALUES (91, 148, '13881192225', '');
INSERT INTO `sys_manager` VALUES (92, 196, '13990162059', '');
INSERT INTO `sys_manager` VALUES (93, 50, '13990175677', '');
INSERT INTO `sys_manager` VALUES (94, 147, '13778070178', '');
INSERT INTO `sys_manager` VALUES (95, 146, '13890149469', '');
INSERT INTO `sys_manager` VALUES (96, 197, '13548442899', '');
INSERT INTO `sys_manager` VALUES (97, 198, '13890128095', '');
INSERT INTO `sys_manager` VALUES (98, 199, '15281166408', '');
INSERT INTO `sys_manager` VALUES (99, 115, '13568268320', '');
INSERT INTO `sys_manager` VALUES (100, 114, '13908113504', '');
INSERT INTO `sys_manager` VALUES (101, 200, '13881185887', '');
INSERT INTO `sys_manager` VALUES (102, 117, '13458435538', '');
INSERT INTO `sys_manager` VALUES (103, 118, '15196277030', '');
INSERT INTO `sys_manager` VALUES (104, 116, '18380550787', '');
INSERT INTO `sys_manager` VALUES (105, 201, '18781625826', '');

-- ----------------------------
-- Table structure for sys_open
-- ----------------------------
DROP TABLE IF EXISTS `sys_open`;
CREATE TABLE `sys_open`  (
  `id` int(11) NOT NULL AUTO_INCREMENT,
  `room_id` int(11) NOT NULL,
  `room_name` varchar(255) CHARACTER SET utf8 COLLATE utf8_general_ci NOT NULL,
  `sys_name` varchar(255) CHARACTER SET utf8 COLLATE utf8_general_ci NOT NULL,
  `pro_status` tinyint(255) NOT NULL,
  `open_status` tinyint(255) NOT NULL,
  `create_time` datetime(0) NOT NULL,
  PRIMARY KEY (`id`) USING BTREE,
  INDEX `sys_open_ibfk_1`(`room_id`) USING BTREE,
  INDEX `sys_open_ibfk_2`(`room_name`) USING BTREE,
  INDEX `sys_open_ibfk_3`(`sys_name`) USING BTREE,
  CONSTRAINT `sys_open_ibfk_1` FOREIGN KEY (`room_id`) REFERENCES `sys_room` (`id`) ON DELETE CASCADE ON UPDATE CASCADE,
  CONSTRAINT `sys_open_ibfk_2` FOREIGN KEY (`room_name`) REFERENCES `sys_room` (`name`) ON DELETE CASCADE ON UPDATE CASCADE,
  CONSTRAINT `sys_open_ibfk_3` FOREIGN KEY (`sys_name`) REFERENCES `sys_room` (`sys_name`) ON DELETE CASCADE ON UPDATE CASCADE
) ENGINE = InnoDB AUTO_INCREMENT = 9 CHARACTER SET = utf8 COLLATE = utf8_general_ci ROW_FORMAT = Dynamic;

-- ----------------------------
-- Records of sys_open
-- ----------------------------

-- ----------------------------
-- Table structure for sys_role
-- ----------------------------
DROP TABLE IF EXISTS `sys_role`;
CREATE TABLE `sys_role`  (
  `id` int(11) NOT NULL AUTO_INCREMENT,
  `name` varchar(255) CHARACTER SET utf8 COLLATE utf8_general_ci NOT NULL,
  `create_time` datetime(0) NOT NULL,
  PRIMARY KEY (`id`) USING BTREE
) ENGINE = InnoDB AUTO_INCREMENT = 4 CHARACTER SET = latin1 COLLATE = latin1_swedish_ci ROW_FORMAT = Dynamic;

-- ----------------------------
-- Records of sys_role
-- ----------------------------
INSERT INTO `sys_role` VALUES (1, '用户管理员', '2024-11-07 14:54:52');
INSERT INTO `sys_role` VALUES (2, '自有员工', '2024-11-08 08:46:23');
INSERT INTO `sys_role` VALUES (3, '三方人员', '2024-11-08 08:46:38');

-- ----------------------------
-- Table structure for sys_room
-- ----------------------------
DROP TABLE IF EXISTS `sys_room`;
CREATE TABLE `sys_room`  (
  `id` int(11) NOT NULL AUTO_INCREMENT,
  `address` varchar(255) CHARACTER SET utf8 COLLATE utf8_general_ci NOT NULL,
  `room_type` varchar(255) CHARACTER SET utf8 COLLATE utf8_general_ci NULL DEFAULT NULL,
  `name` varchar(255) CHARACTER SET utf8 COLLATE utf8_general_ci NOT NULL,
  `status` varchar(255) CHARACTER SET utf8 COLLATE utf8_general_ci NULL DEFAULT NULL,
  `manager_id` int(11) NOT NULL,
  `sys_name` varchar(255) CHARACTER SET utf8 COLLATE utf8_general_ci NULL DEFAULT NULL,
  PRIMARY KEY (`id`) USING BTREE,
  INDEX `manager_id`(`manager_id`) USING BTREE,
  INDEX `name`(`name`) USING BTREE,
  INDEX `sys_name`(`sys_name`) USING BTREE,
  CONSTRAINT `manager_id` FOREIGN KEY (`manager_id`) REFERENCES `sys_manager` (`id`) ON DELETE NO ACTION ON UPDATE NO ACTION
) ENGINE = InnoDB AUTO_INCREMENT = 822 CHARACTER SET = utf8 COLLATE = utf8_general_ci ROW_FORMAT = Dynamic;

-- ----------------------------
-- Records of sys_room
-- ----------------------------
INSERT INTO `sys_room` VALUES (2, '安县', '普通汇聚机房', '绵阳安州黄土明月综合机房', '在网', 2, '5285_安县黄土明月G-GSM900M基站（OLT节点）');
INSERT INTO `sys_room` VALUES (3, '安县', '普通汇聚机房', '绵阳安州晓坝基站综合机房', '在网', 3, '5232_安县晓坝基站G-GSM900M基站(传输节点)');
INSERT INTO `sys_room` VALUES (4, '安县', '普通汇聚机房', '绵阳安州雎水基站综合机房', '在网', 3, '5211_安县雎水基站G-GSM900M基站(传输节点)');
INSERT INTO `sys_room` VALUES (5, '安县', '普通汇聚机房', '绵阳安州迎新基站综合机房', '在网', 3, '5228_安县迎新基站G-GSM900M基站（OLT节点）');
INSERT INTO `sys_room` VALUES (6, '安县', '普通汇聚机房', '绵阳安州宝林基站综合机房', '在网', 3, '5226_安县宝林基站G-GSM900M基站（OLT节点）');
INSERT INTO `sys_room` VALUES (7, '安县', '普通汇聚机房', '绵阳安州茶坪应急综合机房', '在网', 3, '5280_安县茶坪应急G-GSM900M基站（OLT节点）');
INSERT INTO `sys_room` VALUES (8, '安县', '普通汇聚机房', '绵阳安州清泉基站综合机房', '在网', 3, '5225_安县清泉基站G-GSM900M基站（OLT节点）');
INSERT INTO `sys_room` VALUES (9, '安县', '普通汇聚机房', '绵阳安州沸水基站综合机房', '在网', 3, '5229_安县沸水基站G-GSM900M基站(传输节点)');
INSERT INTO `sys_room` VALUES (10, '安县', '普通汇聚机房', '绵阳安州高川基站综合机房', '在网', 3, '5230_安县高川基站G-GSM900M基站');
INSERT INTO `sys_room` VALUES (11, '安县', '普通汇聚机房', '绵阳安州花荄车站综合机房', '在网', 3, '5281_安县花街车站G-GSM900M基站(数据节点)');
INSERT INTO `sys_room` VALUES (12, '安县', '普通汇聚机房', '绵阳安州乐兴基站综合机房', '在网', 3, '5224_安县乐兴基站G-GSM900M基站（OLT节点）');
INSERT INTO `sys_room` VALUES (13, '安县', '重要汇聚机房', '绵阳安州世纪阳光综合机房', '在网', 4, '0000_安县世纪阳光G-GSM900M基站(汇聚节点)');
INSERT INTO `sys_room` VALUES (14, '安县', '业务汇聚机房', '绵阳安州塔水汇聚机房', '在网', 4, '绵阳安州塔水汇聚机房(YA)');
INSERT INTO `sys_room` VALUES (15, '安县', '普通汇聚机房', '绵阳安州塔水局房综合机房', '在网', 4, '5311_安县塔水局房G-GSM900M基站(数据节点)');
INSERT INTO `sys_room` VALUES (16, '安县', '重要汇聚机房', '绵阳安州秀水局房综合机房', '在网', 4, '5310_安县秀水局房G-GSM900M基站（数据节点）');
INSERT INTO `sys_room` VALUES (17, '安县', '普通汇聚机房', '绵阳安州洋马汇聚机房', '在网', 4, '绵阳安州洋马汇聚5G基站');
INSERT INTO `sys_room` VALUES (18, '安县', '重要汇聚机房', '绵阳安州移动公司综合机房', '在网', 4, '5102_安县花街节点(移动公司五楼)G-GSM900M基站(传输节点)');
INSERT INTO `sys_room` VALUES (19, '安县', '重要汇聚机房', '绵阳安州移动汇聚机房', '在网', 4, '绵阳安州移动汇聚机房');
INSERT INTO `sys_room` VALUES (20, '安县', '普通汇聚机房', '绵阳安州桑枣局房综合机房', '在网', 4, '535128_绵阳安县桑枣局房TD-LTE基站(数据节点)');
INSERT INTO `sys_room` VALUES (21, '安县', '业务汇聚机房', '绵阳安州秀水汇聚机房', '在网', 4, '绵阳安州秀水汇聚机房(YA)');
INSERT INTO `sys_room` VALUES (22, '安县', '业务汇聚机房', '绵阳安州桑枣汇聚机房', '在网', 4, '绵阳安州桑枣汇聚机房(YA)');
INSERT INTO `sys_room` VALUES (23, '安县', '普通汇聚机房', '绵阳安州蟠龙基站综合机房', '在网', 5, '5583_安县蟠龙基站G-GSM900M基站（OLT节点）');
INSERT INTO `sys_room` VALUES (24, '安县', '普通汇聚机房', '绵阳安州黄土石鸭综合机房', '在网', 5, '5238_安县黄土石鸭G-GSM900M基站（OLT节点）');
INSERT INTO `sys_room` VALUES (25, '安县', '普通汇聚机房', '绵阳安州永河基站综合机房', '在网', 6, '5227_安县永河基站G-GSM900M基站（OLT节点）');
INSERT INTO `sys_room` VALUES (26, '安县', '普通汇聚机房', '绵阳安州雎水银河综合机房', '在网', 6, '5217_安县雎水银河G-GSM900M基站');
INSERT INTO `sys_room` VALUES (27, '安县', '业务汇聚机房', '绵阳安州永河安罗综合机房', '在网', 6, '5291_安县永河安罗G-GSM900M基站（OLT节点）');
INSERT INTO `sys_room` VALUES (28, '安县', '业务汇聚机房', '绵阳安州茶坪双电综合机房', '在网', 6, '5135_安县茶坪双电G-GSM900M基站（OLT节点）');
INSERT INTO `sys_room` VALUES (29, '安县', '普通汇聚机房', '绵阳安州千佛山站综合机房', '在网', 6, '5507_安县千佛前山G-GSM900M基站');
INSERT INTO `sys_room` VALUES (30, '安县', '普通汇聚机房', '绵阳安州高川泉水综合机房', '在网', 6, '5565_安县高川泉水G-GSM900M基站');
INSERT INTO `sys_room` VALUES (31, '安县', '普通汇聚机房', '绵阳安州桑枣花庙综合机房', '在网', 6, '5305_安县桑枣花庙G-GSM900M基站（OLT节点）');
INSERT INTO `sys_room` VALUES (32, '安县', '业务汇聚机房', '绵阳安州高川天池综合机房', '在网', 6, '5568_安县高川天池G-GSM900M基站');
INSERT INTO `sys_room` VALUES (33, '安县', '业务汇聚机房', '绵阳安州桑枣跳石综合机房', '在网', 6, '5286_安县桑枣跳石G-GSM900M基站（OLT节点）');
INSERT INTO `sys_room` VALUES (34, '安县', '业务汇聚机房', '绵阳安州柳坝基站综合机房', '在网', 6, '5290_安县桑枣柳坝G-GSM900M基站（OLT节点）');
INSERT INTO `sys_room` VALUES (35, '安县', '普通汇聚机房', '绵阳安州文星阁站综合机房', '在网', 7, '5215_安县文星阁站G-GSM900M基站');
INSERT INTO `sys_room` VALUES (36, '安县', '普通汇聚机房', '绵阳安州晓坝中心综合机房', '在网', 7, '5307_安县晓坝中心G-GSM900M基站(数据节点)');
INSERT INTO `sys_room` VALUES (37, '安县', '普通汇聚机房', '绵阳安州宝林调元综合机房', '在网', 7, '5313_安州宝林调元G-GSM900M基站（OLT节点）');
INSERT INTO `sys_room` VALUES (38, '安县', '普通汇聚机房', '绵阳安州河清基站综合机房', '在网', 7, '5209_安县河清基站G-GSM900M基站(传输节点)');
INSERT INTO `sys_room` VALUES (39, '安县', '业务汇聚机房', '绵阳安州河清业务综合机房', '在网', 7, '绵阳安州河清汇聚机房(YA)');
INSERT INTO `sys_room` VALUES (40, '安县', '普通汇聚机房', '绵阳安州界牌基站综合机房', '在网', 7, '5207_安县界牌基站G-GSM900M基站');
INSERT INTO `sys_room` VALUES (41, '安县', '业务汇聚机房', '绵阳安州界牌西明综合机房', '在网', 7, '954498_绵阳安县界牌西明TD-LTE基站（OLT节点）');
INSERT INTO `sys_room` VALUES (42, '安县', '业务汇聚机房', '绵阳安州金星基站综合机房', '在网', 7, '5264_安县金星基站G-GSM900M基站（OLT节点）');
INSERT INTO `sys_room` VALUES (43, '安县', '业务汇聚机房', '绵阳安州银都宝座绿地综合机房', '在网', 7, '绵阳安州银都宝座绿地');
INSERT INTO `sys_room` VALUES (44, '安县', '业务汇聚机房', '绵阳安州友谊桥头绿地综合机房', '在网', 7, '绵阳安州友谊桥头绿地');
INSERT INTO `sys_room` VALUES (45, '安县', '普通汇聚机房', '绵阳安州西桥基站综合机房', '在网', 8, '5101_安县西桥基站G-GSM900M基站（OLT节点）');
INSERT INTO `sys_room` VALUES (46, '安县', '普通汇聚机房', '绵阳安州新大包装综合机房', '在网', 8, '绵阳安州新大包装5G基站');
INSERT INTO `sys_room` VALUES (47, '安县', '普通汇聚机房', '绵阳安州草溪基站综合机房', '在网', 8, '5575_安县草溪基站G-GSM900M基站（OLT节点）');
INSERT INTO `sys_room` VALUES (48, '安县', '普通汇聚机房', '绵阳安州平桥基站综合机房', '在网', 8, '5582_安县平桥基站G-GSM900M基站');
INSERT INTO `sys_room` VALUES (49, '安县', '业务汇聚机房', '绵阳安州三泉基站综合机房', '在网', 8, '5262_安县三泉基站G-GSM900M基站（OLT节点）');
INSERT INTO `sys_room` VALUES (50, '安县', '普通汇聚机房', '绵阳安州沙汀绿地综合机房', '在网', 8, '绵阳安州沙汀绿地');
INSERT INTO `sys_room` VALUES (51, '安县', '普通汇聚机房', '绵阳安州上高观站综合机房', '在网', 8, '5564_安县上高观站G-GSM900M基站');
INSERT INTO `sys_room` VALUES (52, '安县', '普通汇聚机房', '绵阳安州社保局绿地综合机房', '在网', 8, '绵阳安州社保局站绿地');
INSERT INTO `sys_room` VALUES (53, '安县', '普通汇聚机房', '绵阳安州龙安街站综合机房', '在网', 8, '1113_安县龙安街站TD-SCDMA基站');
INSERT INTO `sys_room` VALUES (54, '安县', '普通汇聚机房', '绵阳安州龙桥基站综合机房', '在网', 8, '5263_安县龙桥基站G-GSM900M基站（OLT节点）');
INSERT INTO `sys_room` VALUES (55, '安县', '普通汇聚机房', '绵阳安州塔水春林综合机房', '在网', 9, '5276_安县春林基站G-GSM900M基站（OLT节点）');
INSERT INTO `sys_room` VALUES (56, '安县', '普通汇聚机房', '绵阳安州兴仁基站综合机房', '在网', 9, '5223_安县兴仁基站G-GSM900M基站(传输节点)');
INSERT INTO `sys_room` VALUES (57, '安县', '普通汇聚机房', '绵阳安州移动基站综合机房', '在网', 9, '5102_安县超级基站G-GSM900M基站(传输节点)');
INSERT INTO `sys_room` VALUES (58, '安县', '普通汇聚机房', '绵阳安州沸水红星综合机房', '在网', 9, '5288_安县沸水红星G-GSM900M基站（OLT节点）');
INSERT INTO `sys_room` VALUES (59, '安县', '普通汇聚机房', '绵阳安州花荄广厦综合机房', '在网', 9, '5237_安县花街零二G-GSM900M基站');
INSERT INTO `sys_room` VALUES (60, '安县', '普通汇聚机房', '绵阳安州花荄红花综合机房', '在网', 9, '5563_安县花街红花G-GSM900M基站（OLT节点）');
INSERT INTO `sys_room` VALUES (61, '安县', '普通汇聚机房', '绵阳安州花荄红武综合机房', '在网', 9, '5283_安县花垓红武G-GSM900M基站（OLT节点）');
INSERT INTO `sys_room` VALUES (62, '安县', '普通汇聚机房', '绵阳安州花荄基站综合机房', '在网', 9, '5203_安县花街G-GSM900M基站(传输节点)');
INSERT INTO `sys_room` VALUES (63, '安县', '普通汇聚机房', '绵阳安州花荄陆合综合机房', '在网', 9, '5282_安县花垓陆合G-GSM900M基站（OLT节点）');
INSERT INTO `sys_room` VALUES (64, '安县', '普通汇聚机房', '绵阳安州黄土基站综合机房', '在网', 9, '5206_安县黄土基站G-GSM900M D-DCS1800M基站（传输、OLT节点）');
INSERT INTO `sys_room` VALUES (65, '安县', '业务汇聚机房', '绵阳安州秀水青松汇聚机房', '在网', 10, '绵阳安州秀水青松汇聚机房汇聚站(YA)');
INSERT INTO `sys_room` VALUES (66, '安县', '普通汇聚机房', '绵阳安州桑枣黄羊汇聚机房', '在网', 10, '绵阳安州桑枣黄羊汇聚机房汇聚站(YA)');
INSERT INTO `sys_room` VALUES (67, '北川羌族自治县', '普通汇聚机房', '绵阳北川开坪全益村站综合机房', '在网', 11, '5634_北川开坪全益G-GSM900M基站（OLT节点）');
INSERT INTO `sys_room` VALUES (68, '北川羌族自治县', '普通汇聚机房', '绵阳北川开坪小原基站综合机房', '在网', 11, '5752_北川小原基站G-GSM900M基站（OLT节点）');
INSERT INTO `sys_room` VALUES (69, '北川羌族自治县', '普通汇聚机房', '绵阳北川片口老小学基站综合机房', '在网', 11, '0000_北川片口基站G-GSM900M基站（OLT节点）');
INSERT INTO `sys_room` VALUES (70, '北川羌族自治县', '普通汇聚机房', '绵阳北川安昌纳溪村站综合机房', '在网', 12, '5780_北川安昌纳溪G-GSM900M基站');
INSERT INTO `sys_room` VALUES (71, '北川羌族自治县', '普通汇聚机房', '绵阳北川凉风垭基站综合机房', '在网', 12, '5718_北川凉风垭站G-GSM900M基站（OLT节点）');
INSERT INTO `sys_room` VALUES (72, '北川羌族自治县', '普通汇聚机房', '绵阳北川曲山邓家基站综合机房', '在网', 12, '5713_北川邓家基站G-GSM900M基站（OLT节点）');
INSERT INTO `sys_room` VALUES (73, '北川羌族自治县', '普通汇聚机房', '绵阳北川通口汇聚机房', '在网', 12, '北川通口汇聚节点基站');
INSERT INTO `sys_room` VALUES (74, '北川羌族自治县', '普通汇聚机房', '绵阳北川香泉村站综合机房', '在网', 12, '5608_北川香泉村站G-GSM900M基站（OLT节点）');
INSERT INTO `sys_room` VALUES (75, '北川羌族自治县', '普通汇聚机房', '绵阳北川永安后庄村站综合机房', '在网', 12, '5234_北川后庄基站G-GSM900M基站（OLT节点）');
INSERT INTO `sys_room` VALUES (76, '北川羌族自治县', '普通汇聚机房', '绵阳北川看守所基站综合机房', '在网', 13, '5774_北川看守所站G-GSM900M基站(OLT节点)');
INSERT INTO `sys_room` VALUES (77, '北川羌族自治县', '重要汇聚机房', '绵阳北川移动公司四楼基站综合机房', '在网', 13, '5750_北川移动四楼G-GSM900M基站（OLT、数据、传输节点）');
INSERT INTO `sys_room` VALUES (78, '北川羌族自治县', '重要汇聚机房', '绵阳北川安昌电信局站综合机房', '在网', 13, '5201_北川电信局站G-GSM900M基站（传输、数据、OLT节点）');
INSERT INTO `sys_room` VALUES (79, '北川羌族自治县', '普通汇聚机房', '绵阳北川羌笛广场基站综合机房', '在网', 13, '5764_北川羌笛广场G-GSM900M基站');
INSERT INTO `sys_room` VALUES (80, '北川羌族自治县', '普通汇聚机房', '绵阳北川体育中心基站综合机房', '在网', 13, '5767_北川体育中心G-GSM900M基站');
INSERT INTO `sys_room` VALUES (81, '北川羌族自治县', '重要汇聚机房', '绵阳北川开坪小学基站综合机房', '在网', 13, '5722_北川开坪场镇G-GSM900M基站（OLT节点）');
INSERT INTO `sys_room` VALUES (82, '北川羌族自治县', '重要汇聚机房', '绵阳北川擂鼓基站综合机房', '在网', 13, '5702_北川擂鼓基站G-GSM900M基站（传输、数据、OLT节点）');
INSERT INTO `sys_room` VALUES (83, '北川羌族自治县', '普通汇聚机房', '绵阳北川陈家坝基站综合机房', '在网', 13, '5710_北川陈家坝站G-GSM900M基站（OLT节点）');
INSERT INTO `sys_room` VALUES (84, '北川羌族自治县', '重要汇聚机房', '绵阳北川桂溪汇聚机房', '在网', 13, '0000_北川桂溪二干传输节点G-GSM900M基站（OLT、数据、传输节点）');
INSERT INTO `sys_room` VALUES (85, '北川羌族自治县', '普通汇聚机房', '绵阳北川下河坝站综合机房', '在网', 13, '5259_北川下河坝站G-GSM900M基站（OLT节点）');
INSERT INTO `sys_room` VALUES (86, '北川羌族自治县', '普通汇聚机房', '绵阳北川永安镇二基站综合机房', '在网', 13, '5253_北川永安镇二G-GSM900M基站（OLT节点）');
INSERT INTO `sys_room` VALUES (87, '北川羌族自治县', '普通汇聚机房', '绵阳北川安昌电视塔站综合机房', '在网', 13, '5202_北川安昌镇站G-GSM900M基站（OLT节点）');
INSERT INTO `sys_room` VALUES (88, '北川羌族自治县', '普通汇聚机房', '绵阳北川坝底零二基站综合机房', '在网', 14, '5732_北川坝底零二G-GSM900M基站');
INSERT INTO `sys_room` VALUES (89, '北川羌族自治县', '普通汇聚机房', '绵阳北川坝底岭岗村站综合机房', '在网', 14, '5617_北川岭冈村站G-GSM900M基站（OLT节点）');
INSERT INTO `sys_room` VALUES (90, '北川羌族自治县', '普通汇聚机房', '绵阳北川马槽文化站一号综合机房', '在网', 14, '绵阳北川马槽汇聚OLT节点基站');
INSERT INTO `sys_room` VALUES (91, '北川羌族自治县', '普通汇聚机房', '绵阳北川青片西纳村站综合机房', '在网', 14, '5719_北川青片基站G-GSM900M基站（OLT节点）');
INSERT INTO `sys_room` VALUES (92, '北川羌族自治县', '重要汇聚机房', '绵阳北川开坪老场镇基站综合机房', '在网', 14, '961626_绵阳北川开坪老镇TD-LTE基站(传输、数据、OLT节点)');
INSERT INTO `sys_room` VALUES (93, '北川羌族自治县', '重要汇聚机房', '绵阳北川墩上汇聚机房', '在网', 14, '绵阳北川墩上汇聚机房(YA)');
INSERT INTO `sys_room` VALUES (94, '北川羌族自治县', '重要汇聚机房', '绵阳北川安昌电信汇聚节点综合机房', '在网', 14, '0000_北川安昌电信汇聚TD-LTE基站(传输、数据、OLT节点)');
INSERT INTO `sys_room` VALUES (95, '北川羌族自治县', '业务汇聚机房', '绵阳北川白坭文化站基站综合机房', '在网', 15, '5715_北川白坭场镇G-GSM900M基站（OLT节点）');
INSERT INTO `sys_room` VALUES (96, '北川羌族自治县', '业务汇聚机房', '绵阳北川陈家坝西河村站综合机房', '在网', 15, '5691_北川西河村站G-GSM900M基站（OLT节点）');
INSERT INTO `sys_room` VALUES (97, '北川羌族自治县', '业务汇聚机房', '绵阳北川甘溪基站综合机房', '在网', 15, '5714_北川甘溪基站G-GSM900M基站（OLT节点）');
INSERT INTO `sys_room` VALUES (98, '北川羌族自治县', '业务汇聚机房', '绵阳北川桂溪沙窝村站综合机房', '在网', 15, '5656_北川沙窝村站G-GSM900M基站（OLT节点）');
INSERT INTO `sys_room` VALUES (99, '北川羌族自治县', '业务汇聚机房', '绵阳北川金凤汇聚机房', '在网', 15, '绵阳北川金凤汇聚机房汇聚站(YA)');
INSERT INTO `sys_room` VALUES (100, '北川羌族自治县', '业务汇聚机房', '绵阳北川都贯汇聚机房', '在网', 15, '绵阳北川都贯汇聚机房汇聚站(YA)');
INSERT INTO `sys_room` VALUES (101, '北川羌族自治县', '业务汇聚机房', '绵阳北川香泉云里村站综合机房', '在网', 16, '5630_北川香泉云里G-GSM900M基站（OLT节点）');
INSERT INTO `sys_room` VALUES (102, '北川羌族自治县', '业务汇聚机房', '绵阳北川擂鼓汇聚机房', '在网', 16, '绵阳北川擂鼓场镇5G汇聚机房基站(YA)');
INSERT INTO `sys_room` VALUES (103, '北川羌族自治县', '业务汇聚机房', '绵阳北川禹里大湾村站综合机房', '在网', 17, '绵阳北川大湾OLT节点基站');
INSERT INTO `sys_room` VALUES (104, '北川羌族自治县', '业务汇聚机房', '绵阳北川坝底双河村站综合机房', '在网', 17, '5641_北川坝底双河G-GSM900M基站');
INSERT INTO `sys_room` VALUES (105, '北川羌族自治县', '业务汇聚机房', '绵阳北川白什村基站综合机房', '在网', 17, '5605_北川白什村站G-GSM900M基站（OLT节点）');
INSERT INTO `sys_room` VALUES (106, '北川羌族自治县', '业务汇聚机房', '绵阳北川小坝外北汇聚机房', '在网', 17, '绵阳北川小坝外北汇聚机房(YA)');
INSERT INTO `sys_room` VALUES (107, '北川羌族自治县', '业务汇聚机房', '绵阳北川禹里汇聚机房', '在网', 17, '绵阳北川禹里汇聚机房(YA)');
INSERT INTO `sys_room` VALUES (108, '北川羌族自治县', '普通汇聚机房', '绵阳北川禹里禹穴沟站综合机房', '在网', 17, '5615_北川禹穴沟站G-GSM900M基站（OLT节点）');
INSERT INTO `sys_room` VALUES (109, '北川羌族自治县', '普通汇聚机房', '绵阳北川禹里慈竹村站综合机房', '在网', 17, '5745_北川禹里赤竹G-GSM900M基站');
INSERT INTO `sys_room` VALUES (110, '北川羌族自治县', '普通汇聚机房', '绵阳北川都坝国际村站综合机房', '在网', 18, '5613_北川都坝基站G-GSM900M基站(传输、数据、OLT节点)');
INSERT INTO `sys_room` VALUES (111, '北川羌族自治县', '普通汇聚机房', '绵阳北川都坝皇帝庙站综合机房', '在网', 18, '5651_北川皇帝庙站G-GSM900M基站');
INSERT INTO `sys_room` VALUES (112, '北川羌族自治县', '业务汇聚机房', '绵阳北川旅游服务基站综合机房', '在网', 19, '5766_北川旅游服务G-GSM900M基站（传输节点）');
INSERT INTO `sys_room` VALUES (113, '北川羌族自治县', '业务汇聚机房', '绵阳北川旅游绿地基站综合机房', '在网', 19, '绵阳北川旅游绿地');
INSERT INTO `sys_room` VALUES (114, '北川羌族自治县', '业务汇聚机房', '绵阳北川永昌超级基站综合机房', '在网', 19, '5758_北川超级基站G-GSM900M基站');
INSERT INTO `sys_room` VALUES (115, '北川羌族自治县', '业务汇聚机房', '绵阳北川安昌石梯村站综合机房', '在网', 19, '5680_北川安昌石梯G-GSM900M基站');
INSERT INTO `sys_room` VALUES (116, '涪城区', '重要汇聚机房', '绵阳涪城塘汛支局汇聚机房', '在网', 20, '0000_涪城塘汛支局汇聚TD-LTE基站（传输节点、OLT）');
INSERT INTO `sys_room` VALUES (117, '涪城区', '重要汇聚机房', '绵阳涪城公司局房汇聚机房', '在网', 21, '3357_绵阳直属传输汇聚机房(传输节点、OLT、数据)');
INSERT INTO `sys_room` VALUES (118, '涪城区', '业务汇聚机房', '绵阳涪城临江市场综合机房', '在网', 22, '3017_绵阳临江市场G-GSM900M D-DCS1800M基站(传输节点)');
INSERT INTO `sys_room` VALUES (119, '涪城区', '业务汇聚机房', '绵阳涪城西科逸夫综合机房', '在网', 22, '绵阳涪城西科逸夫5G基站');
INSERT INTO `sys_room` VALUES (120, '涪城区', '业务汇聚机房', '绵阳涪城长虹石油绿地综合机房', '在网', 23, '绵阳涪城长虹石油绿地');
INSERT INTO `sys_room` VALUES (121, '涪城区', '业务汇聚机房', '绵阳涪城钟鼓楼站综合机房', '在网', 22, '3004_绵阳钟鼓楼站G-GSM900M D-DCS1800M基站(传输节点)');
INSERT INTO `sys_room` VALUES (122, '涪城区', '业务汇聚机房', '绵阳涪城六八局站综合机房', '在网', 22, '3301_绵阳六八局站G-GSM900M基站(OLT节点、传输节点)');
INSERT INTO `sys_room` VALUES (123, '涪城区', '业务汇聚机房', '绵阳涪城铁牛美团绿地综合机房', '在网', 22, '绵阳涪城铁牛美团绿地');
INSERT INTO `sys_room` VALUES (124, '涪城区', '业务汇聚机房', '绵阳涪城涪江二桥综合机房', '在网', 22, '3205_绵阳涪江二桥G-GSM900M D-DCS1800M基站(传输节点)');
INSERT INTO `sys_room` VALUES (125, '涪城区', '业务汇聚机房', '绵阳涪城平政车站综合机房', '在网', 22, '3212_绵阳平政车站G-GSM900M D-DCS1800M基站');
INSERT INTO `sys_room` VALUES (126, '涪城区', '业务汇聚机房', '绵阳涪城三六局站综合机房', '在网', 22, '3021_绵阳三六局站G-GSM900M D-DCS1800M基站(传输节点)');
INSERT INTO `sys_room` VALUES (127, '涪城区', '业务汇聚机房', '绵阳涪城七中基站综合机房', '在网', 22, '3005_绵阳七中基站G-GSM900M D-DCS1800M基站(传输节点)');
INSERT INTO `sys_room` VALUES (128, '涪城区', '业务汇聚机房', '绵阳涪城万达汇聚机房', '在网', 22, '绵阳涪城经开万达5G基站(YA)');
INSERT INTO `sys_room` VALUES (129, '涪城区', '业务汇聚机房', '绵阳涪城圣菲绿地综合机房', '在网', 23, '绵阳涪城圣菲绿地');
INSERT INTO `sys_room` VALUES (130, '涪城区', '业务汇聚机房', '绵阳涪城疾控中心综合机房', '在网', 24, '绵阳涪城疾控中心5G基站');
INSERT INTO `sys_room` VALUES (131, '涪城区', '业务汇聚机房', '绵阳涪城城郊汇聚机房', '在网', 24, '绵阳涪城城郊汇聚5G基站');
INSERT INTO `sys_room` VALUES (132, '涪城区', '业务汇聚机房', '绵阳涪城代家立交绿地综合机房', '在网', 23, '绵阳涪城代家立交绿地');
INSERT INTO `sys_room` VALUES (133, '涪城区', '业务汇聚机房', '绵阳涪城航管绿地综合机房', '在网', 23, '绵阳涪城航管绿地');
INSERT INTO `sys_room` VALUES (134, '涪城区', '业务汇聚机房', '绵阳涪城南鑫绿地综合机房', '在网', 23, '绵阳涪城南鑫绿地');
INSERT INTO `sys_room` VALUES (135, '涪城区', '业务汇聚机房', '绵阳涪城平政立交绿地综合机房', '在网', 24, '绵阳涪城平政立交绿地');
INSERT INTO `sys_room` VALUES (136, '涪城区', '业务汇聚机房', '绵阳涪城南区花园绿地综合机房', '在网', 23, '绵阳涪城南区花园绿地');
INSERT INTO `sys_room` VALUES (137, '涪城区', '业务汇聚机房', '绵阳涪城丁家绿地综合机房', '在网', 23, '绵阳涪城丁家绿地');
INSERT INTO `sys_room` VALUES (138, '涪城区', '业务汇聚机房', '绵阳涪城古玩市场综合机房', '在网', 24, '绵阳涪城古玩市场5G基站');
INSERT INTO `sys_room` VALUES (139, '涪城区', '业务汇聚机房', '绵阳涪城吴家汇聚机房', '在网', 23, '绵阳涪城吴家汇聚机房(YA)');
INSERT INTO `sys_room` VALUES (140, '涪城区', '普通汇聚机房', '绵阳涪城老大楼站综合机房', '在网', 25, '3002_绵阳老大楼站G-GSM900M基站(传输节点、OLT、数据)');
INSERT INTO `sys_room` VALUES (141, '涪城区', '普通汇聚机房', '绵阳涪城龙门基站综合机房', '在网', 20, '4602_绵阳龙门基站G-GSM900M基站（OLT节点、传输）');
INSERT INTO `sys_room` VALUES (142, '涪城区', '普通汇聚机房', '绵阳涪城龙门雅苑综合机房', '在网', 21, '3659_绵阳龙门雅苑G-GSM900M基站');
INSERT INTO `sys_room` VALUES (143, '涪城区', '普通汇聚机房', '绵阳涪城龙门镇站综合机房', '在网', 25, '3665_绵阳龙门镇站G-GSM900M基站');
INSERT INTO `sys_room` VALUES (144, '涪城区', '普通汇聚机房', '绵阳涪城南湖红星绿地综合机房', '在网', 20, '绵阳涪城南湖红星绿地');
INSERT INTO `sys_room` VALUES (145, '涪城区', '普通汇聚机房', '绵阳涪城南山基站综合机房', '在网', 21, '4411_绵阳南山基站G-GSM900M基站(传输节点、OLT)');
INSERT INTO `sys_room` VALUES (146, '涪城区', '普通汇聚机房', '绵阳涪城青义基站综合机房', '在网', 25, '4601_绵阳青义基站G-GSM900M基站(传输节点、OLT、数据)');
INSERT INTO `sys_room` VALUES (147, '涪城区', '普通汇聚机房', '绵阳涪城万达广场综合机房', '在网', 20, '2928_绵阳万达广场G-GSM900M基站（多拉远节点）');
INSERT INTO `sys_room` VALUES (148, '涪城区', '普通汇聚机房', '绵阳涪城长虹国际乙区综合机房', '在网', 21, '绵阳涪城长虹国际乙区综合机房');
INSERT INTO `sys_room` VALUES (149, '涪城区', '普通汇聚机房', '绵阳涪城西科大四综合机房', '在网', 25, '4645_绵阳西科大四G-GSM900M基站');
INSERT INTO `sys_room` VALUES (150, '涪城区', '普通汇聚机房', '绵阳涪城西科东苑十一综合机房', '在网', 20, '3574_绵阳西科大东11G-GSM900M基站');
INSERT INTO `sys_room` VALUES (151, '涪城区', '普通汇聚机房', '绵阳涪城四零四站综合机房', '在网', 21, '3211_绵阳四零四站G-GSM900M基站（OLT节点、传输、多拉远）');
INSERT INTO `sys_room` VALUES (152, '涪城区', '普通汇聚机房', '绵阳涪城文武村站综合机房', '在网', 25, '4440_绵阳文武村站G-GSM900M基站（OLT节点）');
INSERT INTO `sys_room` VALUES (153, '涪城区', '普通汇聚机房', '绵阳涪城丰谷场镇综合机房', '在网', 20, '1159_绵阳丰谷场镇G-GSM900M基站(传输节点、OLT、数据)');
INSERT INTO `sys_room` VALUES (154, '涪城区', '普通汇聚机房', '绵阳涪城丰谷猫林综合机房', '在网', 21, '0000_绵阳涪城丰谷猫林TD-LTE基站');
INSERT INTO `sys_room` VALUES (155, '涪城区', '普通汇聚机房', '绵阳涪城圣水汇聚机房', '在网', 25, '绵阳涪城圣水汇聚5G基站');
INSERT INTO `sys_room` VALUES (156, '涪城区', '普通汇聚机房', '绵阳涪城圣水六队综合机房', '在网', 20, '3298_绵阳圣水六队G-GSM900M基站（OLT节点）');
INSERT INTO `sys_room` VALUES (157, '涪城区', '普通汇聚机房', '绵阳涪城石洞基站综合机房', '在网', 21, '4713_绵阳石洞基站G-GSM900M基站（OLT节点、传输节点）');
INSERT INTO `sys_room` VALUES (158, '涪城区', '普通汇聚机房', '绵阳涪城富乐大厦综合机房', '在网', 25, '3011_绵阳粮油公司G-GSM900M D-DCS1800M基站(传输节点)');
INSERT INTO `sys_room` VALUES (159, '涪城区', '普通汇聚机房', '绵阳涪城富临都会综合机房', '在网', 20, '000000_绵阳富临都会TD-LTE基站（多拉远节点）');
INSERT INTO `sys_room` VALUES (160, '涪城区', '普通汇聚机房', '绵阳涪城公司局房传输机房', '在网', 21, '3357_绵阳直属公司TD-SCDMA基站(传输节点)');
INSERT INTO `sys_room` VALUES (161, '涪城区', '普通汇聚机房', '绵阳涪城公司局房综合机房', '在网', 25, '3045_绵阳直属公司G-GSM900M D-DCS1800M基站(传输节点)');
INSERT INTO `sys_room` VALUES (162, '涪城区', '普通汇聚机房', '绵阳涪城西科北三综合机房', '在网', 20, '4630_绵阳涪城西科北三G-GSM900M基站');
INSERT INTO `sys_room` VALUES (163, '涪城区', '普通汇聚机房', '绵阳涪城西科大六综合机房', '在网', 21, '0000_绵阳涪城西科大六TD-LTE基站');
INSERT INTO `sys_room` VALUES (164, '涪城区', '普通汇聚机房', '绵阳涪城关帝基站综合机房', '在网', 25, '4705_绵阳关帝基站G-GSM900M基站（OLT节点）');
INSERT INTO `sys_room` VALUES (165, '涪城区', '普通汇聚机房', '绵阳涪城花园小区综合机房', '在网', 20, '3018_绵阳花园小区G-GSM900M D-DCS1800M基站(传输节点、OLT、数据)');
INSERT INTO `sys_room` VALUES (166, '涪城区', '普通汇聚机房', '绵阳涪城华丰宾馆综合机房', '在网', 21, '3325_绵阳华丰宾馆TD-SCDMA基站（OLT节点）');
INSERT INTO `sys_room` VALUES (167, '涪城区', '普通汇聚机房', '绵阳涪城交通学校综合机房', '在网', 25, '4527_绵阳交通学校G-GSM900M基站（OLT节点）');
INSERT INTO `sys_room` VALUES (168, '涪城区', '普通汇聚机房', '绵阳涪城桃花岛站综合机房', '在网', 26, '000000_绵阳桃花岛站TD-LTE基站');
INSERT INTO `sys_room` VALUES (169, '涪城区', '普通汇聚机房', '绵阳涪城桃源零二综合机房', '在网', 27, '3762_绵阳桃源零二TD-SCDMA基站（OLT节点）');
INSERT INTO `sys_room` VALUES (170, '涪城区', '普通汇聚机房', '绵阳涪城体育汇聚机房', '在网', 27, '绵阳涪城体育汇聚5G基站');
INSERT INTO `sys_room` VALUES (171, '涪城区', '普通汇聚机房', '绵阳涪城体育中心综合机房', '在网', 26, '3022_绵阳南河体育中心TD-SCDMA基站(多拉远节点、OLT)');
INSERT INTO `sys_room` VALUES (172, '涪城区', '普通汇聚机房', '绵阳涪城解放街站综合机房', '在网', 28, '3012_绵阳解放街站GSM900MD-DCS1800M基站(传输节点、OLT)');
INSERT INTO `sys_room` VALUES (173, '涪城区', '普通汇聚机房', '绵阳涪城金峰基站综合机房', '在网', 26, '4707_绵阳金峰基站G-GSM900M基站（OLT节点、传输节点）');
INSERT INTO `sys_room` VALUES (174, '涪城区', '普通汇聚机房', '绵阳涪城金家林站综合机房', '在网', 27, '绵阳涪城金家岭站5G基站(YA)');
INSERT INTO `sys_room` VALUES (175, '涪城区', '普通汇聚机房', '绵阳涪城经管绿地综合机房', '在网', 27, '绵阳涪城经管绿地');
INSERT INTO `sys_room` VALUES (176, '涪城区', '普通汇聚机房', '绵阳涪城科技电子综合机房', '在网', 26, '4405_绵阳科技电子G-GSM900M D-DCS1800M基站(传输节点)');
INSERT INTO `sys_room` VALUES (177, '涪城区', '普通汇聚机房', '绵阳涪城劳动局站综合机房', '在网', 28, '3013_绵阳劳动局站G-GSM900M D-DCS1800M基站(传输节点)');
INSERT INTO `sys_room` VALUES (178, '涪城区', '普通汇聚机房', '绵阳涪城新皂市场综合机房', '在网', 26, '绵阳涪城新皂基站(YA)');
INSERT INTO `sys_room` VALUES (179, '涪城区', '普通汇聚机房', '绵阳涪城新皂镇站综合机房', '在网', 27, '4528_绵阳新皂镇站G-GSM900M D-DCS1800M基站(传输节点)');
INSERT INTO `sys_room` VALUES (180, '涪城区', '普通汇聚机房', '绵阳涪城幸福南庭综合机房', '在网', 28, '绵阳涪城幸福南庭5G基站');
INSERT INTO `sys_room` VALUES (181, '涪城区', '普通汇聚机房', '绵阳涪城杨家基站综合机房', '在网', 26, '4706_绵阳杨家基站G-GSM900M基站(传输节点)');
INSERT INTO `sys_room` VALUES (182, '涪城区', '普通汇聚机房', '绵阳涪城毅德汇聚机房', '在网', 28, '00000_绵阳毅德商贸城OLT节点基站');
INSERT INTO `sys_room` VALUES (183, '涪城区', '普通汇聚机房', '绵阳涪城油坊街站综合机房', '在网', 26, '3008_绵阳油房街站G-GSM900M基站(传输节点、OLT、数据)');
INSERT INTO `sys_room` VALUES (184, '涪城区', '普通汇聚机房', '绵阳涪城御营坝站综合机房', '在网', 27, '4401_绵阳御营坝站G-GSM900M D-DCS1800M基站（数据、OLT节点、传输）');
INSERT INTO `sys_room` VALUES (185, '涪城区', '普通汇聚机房', '绵阳涪城御营路站综合机房', '在网', 28, '4404_绵阳御营路站G-GSM900M D-DCS1800M基站(传输节点)');
INSERT INTO `sys_room` VALUES (186, '涪城区', '普通汇聚机房', '绵阳涪城御营职专综合机房', '在网', 26, '绵阳涪城御营职专5G基站');
INSERT INTO `sys_room` VALUES (187, '涪城区', '普通汇聚机房', '绵阳涪城西科西六综合机房', '在网', 28, '3591_绵阳西科西六TD-SCDMA基站（OLT节点）');
INSERT INTO `sys_room` VALUES (188, '涪城区', '普通汇聚机房', '绵阳涪城西山粮站综合机房', '在网', 26, '3257_绵阳西山粮站G-GSM900M基站（OLT节点）');
INSERT INTO `sys_room` VALUES (189, '高新区', '普通汇聚机房', '绵阳高新菩提电子绿地综合机房', '在网', 29, '绵阳高新菩提电子绿地');
INSERT INTO `sys_room` VALUES (190, '高新区', '普通汇聚机房', '绵阳高新普明基站综合机房', '在网', 30, '4503_绵阳普明基站G-GSM900M D-DCS1800M基站（OLT、数据节点）');
INSERT INTO `sys_room` VALUES (191, '高新区', '普通汇聚机房', '绵阳高新普思电子综合机房', '在网', 30, '4723_绵阳普思电子G-GSM900M基站(传输节点、OLT节点)');
INSERT INTO `sys_room` VALUES (192, '高新区', '普通汇聚机房', '绵阳高新青川小区综合机房', '在网', 31, '534962_绵阳青川小区TD-LTE基站');
INSERT INTO `sys_room` VALUES (193, '高新区', '普通汇聚机房', '绵阳高新燃气集团综合机房', '在网', 30, '3059_绵阳燃气集团G-GSM900M基站（OLT、数据节点）');
INSERT INTO `sys_room` VALUES (194, '高新区', '普通汇聚机房', '绵阳高新三里三社综合机房', '在网', 32, '3736_绵阳三里三社G-GSM900M基站（OLT、数据节点）');
INSERT INTO `sys_room` VALUES (195, '高新区', '普通汇聚机房', '绵阳高新上马新村综合机房', '在网', 30, '4614_绵阳上马新村G-GSM900M基站（传输节点）');
INSERT INTO `sys_room` VALUES (196, '高新区', '普通汇聚机房', '绵阳高新双土地站综合机房', '在网', 31, '0526_绵阳双土地站TD-SCDMA基站（OLT节点）');
INSERT INTO `sys_room` VALUES (197, '高新区', '普通汇聚机房', '绵阳高新税务汇聚机房', '在网', 32, '绵阳高新税务汇聚5G基站');
INSERT INTO `sys_room` VALUES (198, '高新区', '普通汇聚机房', '绵阳高新天府学院综合机房', '在网', 32, '3243_绵阳天府学院G-GSM900M基站（传输节点）');
INSERT INTO `sys_room` VALUES (199, '高新区', '普通汇聚机房', '绵阳高新铁通汇聚机房', '在网', 32, '绵阳高新铁通汇聚节点机房');
INSERT INTO `sys_room` VALUES (200, '高新区', '普通汇聚机房', '绵阳高新五三汇聚机房', '在网', 33, '绵阳高新五三汇聚5G基站');
INSERT INTO `sys_room` VALUES (201, '高新区', '业务汇聚机房', '绵阳高新五三局站综调实验机房', '在网', 34, '0000_绵阳五三局OTN机房G-GSM900M基站');
INSERT INTO `sys_room` VALUES (202, '高新区', '重要汇聚机房', '绵阳高新五三局站综合机房', '在网', 33, '0000_绵阳五三局OTN机房G-GSM900M基站');
INSERT INTO `sys_room` VALUES (203, '高新区', '普通汇聚机房', '绵阳高新西山公园综合机房', '在网', 33, '969009_绵阳直属西山公园TD-LTE基站');
INSERT INTO `sys_room` VALUES (204, '高新区', '普通汇聚机房', '绵阳高新西山校区综合机房', '在网', 32, '4647_绵阳西山校区D-DCS1800M基站（OLT、数据节点）');
INSERT INTO `sys_room` VALUES (205, '高新区', '普通汇聚机房', '绵阳高新新庙绿地综合机房', '在网', 29, '绵阳高新新庙绿地');
INSERT INTO `sys_room` VALUES (206, '高新区', '普通汇聚机房', '绵阳高新学府花园综合机房', '在网', 35, '4644_绵阳学府花园G-GSM900M基站（传输节点）');
INSERT INTO `sys_room` VALUES (207, '高新区', '普通汇聚机房', '绵阳高新永兴办公综合机房', '在网', 34, '绵阳高新永兴办公5G基站');
INSERT INTO `sys_room` VALUES (208, '高新区', '重要汇聚机房', '绵阳高新永兴支局综合机房', '在网', 33, '绵阳高新永兴支局汇聚基站');
INSERT INTO `sys_room` VALUES (209, '高新区', '普通汇聚机房', '绵阳高新元通二队综合机房', '在网', 30, '4655_绵阳圆通二队G-GSM900M基站（OLT节点）');
INSERT INTO `sys_room` VALUES (210, '高新区', '普通汇聚机房', '绵阳高新长虹六区综合机房', '在网', 30, '4506_绵阳长虹六区G-GSM900M D-DCS1800M基站（OLT节点）');
INSERT INTO `sys_room` VALUES (211, '高新区', '普通汇聚机房', '绵阳高新二一世纪综合机房', '在网', 31, '4531_绵阳二一世纪D-DCS1800M基站（传输节点）');
INSERT INTO `sys_room` VALUES (212, '高新区', '普通汇聚机房', '绵阳高新园艺八角综合机房', '在网', 30, '3408_绵阳园艺八角G-GSM900M 基站（OLT、数据节点）');
INSERT INTO `sys_room` VALUES (213, '高新区', '普通汇聚机房', '绵阳高新园艺移动五楼站点北向综合机房', '在网', 30, '4616_绵阳移动大楼北向基站G-GSM900M基站（传输节点）');
INSERT INTO `sys_room` VALUES (214, '高新区', '业务汇聚机房', '绵阳高新中石油站绿地综合机房', '在网', 36, '绵阳高新中石油站绿地');
INSERT INTO `sys_room` VALUES (215, '高新区', '普通汇聚机房', '绵阳高新河边办公综合机房', '在网', 37, '4724_绵阳河边政府G-GSM900M基站（OLT节点）');
INSERT INTO `sys_room` VALUES (216, '高新区', '业务汇聚机房', '绵阳高新河边长虹综合机房', '在网', 34, '绵阳高新河边机房5G基站(YA)');
INSERT INTO `sys_room` VALUES (217, '高新区', '普通汇聚机房', '绵阳高新重汽基站综合机房', '在网', 34, '4532_绵阳重汽基站G-GSM900M基站（传输节点）');
INSERT INTO `sys_room` VALUES (218, '高新区', '普通汇聚机房', '绵阳高新华裕绿地综合机房', '在网', 34, '绵阳高新华裕路站绿地');
INSERT INTO `sys_room` VALUES (219, '高新区', '普通汇聚机房', '绵阳高新教园外语综合机房', '在网', 32, '3894_绵阳大学城站G-GSM900M基站（OLT节点）');
INSERT INTO `sys_room` VALUES (220, '高新区', '业务汇聚机房', '绵阳高新九州汇聚机房', '在网', 34, '绵阳高新九州汇聚5G基站');
INSERT INTO `sys_room` VALUES (221, '高新区', '普通汇聚机房', '绵阳高新看守所站综合机房', '在网', 35, '4637_绵阳看守所站G-GSM900M基站(传输节点)');
INSERT INTO `sys_room` VALUES (222, '高新区', '普通汇聚机房', '绵阳高新科园汇聚机房', '在网', 32, '绵阳高新科园汇聚5G基站');
INSERT INTO `sys_room` VALUES (223, '高新区', '普通汇聚机房', '绵阳高新磨家师院汇聚机房', '在网', 37, '绵阳高新磨家师院CRAN汇聚机房YA');
INSERT INTO `sys_room` VALUES (224, '高新区', '业务汇聚机房', '绵阳高新磨家师院综合机房', '在网', 34, '4728_绵阳磨家师院G-GSM900M基站（OLT、数据、传输节点）');
INSERT INTO `sys_room` VALUES (225, '高新区', '普通汇聚机房', '绵阳高新磨家镇站综合机房', '在网', 37, '4603_绵阳磨家镇站G-GSM900M基站（OLT节点）');
INSERT INTO `sys_room` VALUES (226, '高新区', '普通汇聚机房', '绵阳高新磨师实验综合机房', '在网', 33, '4750_绵阳磨家实验G-GSM900M基站（传输节点）');
INSERT INTO `sys_room` VALUES (227, '高新区', '业务汇聚机房', '绵阳高新圆通板房综合机房', '在网', 36, '绵阳高新圆通板房5G基站');
INSERT INTO `sys_room` VALUES (228, '高新区', '业务汇聚机房', '绵阳高新大学城站综合机房', '在网', 36, '绵阳高新大学城站5G基站');
INSERT INTO `sys_room` VALUES (229, '高新区', '业务汇聚机房', '绵阳高新石桥绿地综合机房', '在网', 35, '绵阳高新石桥绿地');
INSERT INTO `sys_room` VALUES (230, '高新区', '业务汇聚机房', '绵阳高新移动六楼综合机房', '在网', 34, '3899_绵阳涪城移动TD-SCDMA基站');
INSERT INTO `sys_room` VALUES (231, '高新区', '业务汇聚机房', '绵阳高新西山汇聚机房', '在网', 33, '绵阳高新西山汇聚5G基站(YA)');
INSERT INTO `sys_room` VALUES (232, '高新区', '业务汇聚机房', '绵阳高新佛泉茶叶绿地综合机房', '在网', 35, '绵阳高新佛泉茶叶绿地');
INSERT INTO `sys_room` VALUES (233, '高新区', '业务汇聚机房', '绵阳高新永兴广场绿地综合机房', '在网', 35, '绵阳高新永兴广场绿地');
INSERT INTO `sys_room` VALUES (234, '高新区', '业务汇聚机房', '绵阳高新河边板房综合机房', '在网', 34, '绵阳高新河边板房5G基站');
INSERT INTO `sys_room` VALUES (235, '高新区', '业务汇聚机房', '绵阳高新运管处站绿地综合机房', '在网', 36, '绵阳高新运管处站绿地');
INSERT INTO `sys_room` VALUES (236, '江油市', '重要汇聚机房', '绵阳江油铜星汇聚机房', '在网', 38, '0000_江油铜星汇聚节点G-GSM900M基站（OLT、传输节点）');
INSERT INTO `sys_room` VALUES (237, '江油市', '普通汇聚机房', '绵阳江油马路湾站综合机房', '在网', 39, '6203_江油马路湾站G-GSM900M基站');
INSERT INTO `sys_room` VALUES (238, '江油市', '普通汇聚机房', '绵阳江油开发区二综合机房', '在网', 39, '6117_江油开发区二G-GSM900M基站（OLT节点）');
INSERT INTO `sys_room` VALUES (239, '江油市', '普通汇聚机房', '绵阳江油报恩寺站综合机房', '在网', 39, '6254_江油报恩寺站G-GSM900M基站（传输节点）');
INSERT INTO `sys_room` VALUES (240, '江油市', '普通汇聚机房', '绵阳江油民正村站综合机房', '在网', 39, '6322_江油民政村站G-GSM900M基站（传输节点）');
INSERT INTO `sys_room` VALUES (241, '江油市', '重要汇聚机房', '绵阳江油金外滩站综合机房', '在网', 40, '6174_江油金外滩节点G-GSM900M基站(传输、数据、OLT节点)');
INSERT INTO `sys_room` VALUES (242, '江油市', '重要汇聚机房', '绵阳江油新安基站综合机房', '在网', 40, '6219_江油新安基站G-GSM900M基站(OLT、数据、传输节点)');
INSERT INTO `sys_room` VALUES (243, '江油市', '重要汇聚机房', '绵阳江油含增基站综合机房', '在网', 40, '6215_江油含增基站G-GSM900M基站（OLT、数据、传输节点）');
INSERT INTO `sys_room` VALUES (244, '江油市', '重要汇聚机房', '绵阳江油金外滩门面汇聚机房', '在网', 40, '绵阳江油金外滩新汇聚机房(YA)');
INSERT INTO `sys_room` VALUES (245, '江油市', '业务汇聚机房', '绵阳江油柳林基站综合机房', '在网', 41, '0000_绵阳江油柳林基站TD-LTE基站');
INSERT INTO `sys_room` VALUES (246, '江油市', '业务汇聚机房', '绵阳江油石岭汇聚机房', '在网', 42, '绵阳江油石岭汇聚机房汇聚站(YA)');
INSERT INTO `sys_room` VALUES (247, '江油市', '业务汇聚机房', '绵阳江油昌明绿地综合机房', '在网', 42, '绵阳江油昌明西街绿地');
INSERT INTO `sys_room` VALUES (248, '江油市', '业务汇聚机房', '绵阳江油西平汇聚机房', '在网', 43, '绵阳江油西平汇聚机房(YA)');
INSERT INTO `sys_room` VALUES (249, '江油市', '业务汇聚机房', '绵阳江油方特汇聚机房', '在网', 43, '绵阳江油方特汇聚基站(YA)');
INSERT INTO `sys_room` VALUES (250, '江油市', '业务汇聚机房', '绵阳江油会龙基站综合机房', '在网', 44, '6360_江油会龙基站G-GSM900M基站（OLT节点）');
INSERT INTO `sys_room` VALUES (251, '江油市', '业务汇聚机房', '绵阳江油新安汇聚机房', '在网', 45, '绵阳江油新安汇聚机房');
INSERT INTO `sys_room` VALUES (252, '江油市', '业务汇聚机房', '绵阳江油厚坝汇聚机房', '在网', 45, '绵阳江油厚坝汇聚机房汇聚站(YA)');
INSERT INTO `sys_room` VALUES (253, '江油市', '业务汇聚机房', '绵阳江油文胜汇聚机房', '在网', 45, '绵阳江油文胜汇聚机房汇聚站');
INSERT INTO `sys_room` VALUES (254, '江油市', '业务汇聚机房', '绵阳江油双河汇聚机房', '在网', 46, '绵阳江油双河汇聚机房汇聚站(YA)');
INSERT INTO `sys_room` VALUES (255, '江油市', '业务汇聚机房', '绵阳江油贯山高泉综合机房', '在网', 46, '6335_江油贯山高泉G-GSM900M基站（OLT节点）');
INSERT INTO `sys_room` VALUES (256, '江油市', '业务汇聚机房', '绵阳江油松花岭站综合机房', '在网', 46, '6419_江油松花岭站G-GSM900M基站（OLT节点）');
INSERT INTO `sys_room` VALUES (257, '江油市', '业务汇聚机房', '绵阳江油进修校站综合机房', '在网', 46, '绵阳江油进修校站5G基站');
INSERT INTO `sys_room` VALUES (258, '江油市', '业务汇聚机房', '绵阳江油铜星基站综合机房', '在网', 47, '6227_江油铜星基站G-GSM900M基站（传输节点）');
INSERT INTO `sys_room` VALUES (259, '江油市', '普通汇聚机房', '绵阳江油恒丰园站综合机房', '在网', 40, '6124_江油恒丰园站G-GSM900M基站（OLT节点）');
INSERT INTO `sys_room` VALUES (260, '江油市', '普通汇聚机房', '绵阳江油东大街站综合机房', '在网', 40, '6201_江油东大街站G-GSM900M D-DCS1800M基站（OLT、传输节点）');
INSERT INTO `sys_room` VALUES (261, '江油市', '重要汇聚机房', '绵阳江油邮政局站五楼汇聚机房', '在网', 48, '6234_江油邮政五楼G-GSM900M D-DCS1800M基站（OLT、数据、传输节点）');
INSERT INTO `sys_room` VALUES (262, '江油市', '普通汇聚机房', '绵阳江油邮政局站六楼综合机房', '在网', 48, '6234_江油邮政六楼G-GSM900M基站');
INSERT INTO `sys_room` VALUES (263, '江油市', '普通汇聚机房', '绵阳江油鱼市口站综合机房', '在网', 48, '3697_江油鱼市口站TD-SCDMA基站（OLT节点）');
INSERT INTO `sys_room` VALUES (264, '江油市', '普通汇聚机房', '绵阳江油解放中街综合机房', '在网', 48, '6204_江油解放中街G-GSM900M D-DCS1800M基站（多拉远节点）');
INSERT INTO `sys_room` VALUES (265, '江油市', '普通汇聚机房', '绵阳江油上海广场综合机房', '在网', 49, '绵阳江油上海广场5G基站');
INSERT INTO `sys_room` VALUES (266, '江油市', '普通汇聚机房', '绵阳江油九岭汇聚机房', '在网', 50, '绵阳江油九岭汇聚基站YA');
INSERT INTO `sys_room` VALUES (267, '江油市', '普通汇聚机房', '绵阳江油九岭基站综合机房', '在网', 50, '6237_江油九岭基站G-GSM900M基站（OLT、传输节点）');
INSERT INTO `sys_room` VALUES (268, '江油市', '普通汇聚机房', '绵阳江油九岭零二综合机房', '在网', 50, '6442_江油九岭零二G-GSM900M基站');
INSERT INTO `sys_room` VALUES (269, '江油市', '普通汇聚机房', '绵阳江油江师基站综合机房', '在网', 42, '6146_江油江师基站G-GSM900M基站');
INSERT INTO `sys_room` VALUES (270, '江油市', '普通汇聚机房', '绵阳江油建设中路综合机房', '在网', 42, '6224_江油建设中路G-GSM900M基站（OLT节点）');
INSERT INTO `sys_room` VALUES (271, '江油市', '普通汇聚机房', '绵阳江油聚龙野鱼综合机房', '在网', 42, '6155_江油聚龙野鱼G-GSM900M基站');
INSERT INTO `sys_room` VALUES (272, '江油市', '普通汇聚机房', '绵阳江油超级基站综合机房', '在网', 42, '6147_江油市政府站G-GSM900M基站');
INSERT INTO `sys_room` VALUES (273, '江油市', '普通汇聚机房', '绵阳江油武都白衣综合机房', '在网', 51, '6297_江油武都白衣G-GSM900M基站（OLT节点）');
INSERT INTO `sys_room` VALUES (274, '江油市', '普通汇聚机房', '绵阳江油白玉村站综合机房', '在网', 52, '6241_江油白玉村站G-GSM900M基站（OLT、传输节点）');
INSERT INTO `sys_room` VALUES (275, '江油市', '普通汇聚机房', '绵阳江油雁门基站综合机房', '在网', 52, '6218_江油雁门基站G-GSM900M基站（OLT、数据、传输节点）');
INSERT INTO `sys_room` VALUES (276, '江油市', '普通汇聚机房', '绵阳江油六合基站综合机房', '在网', 52, '6310_江油六合基站G-GSM900M基站（OLT、数据、传输节点）');
INSERT INTO `sys_room` VALUES (277, '江油市', '普通汇聚机房', '绵阳江油武都移动综合机房', '在网', 52, '6299_江油武都应急OLT基站（OLT、数据、传输节点）');
INSERT INTO `sys_room` VALUES (278, '江油市', '普通汇聚机房', '绵阳江油武都汇聚机房', '在网', 52, '绵阳江油武都汇聚机房(YA)');
INSERT INTO `sys_room` VALUES (279, '江油市', '普通汇聚机房', '绵阳江油彰明基站综合机房', '在网', 43, '6222_江油彰明基站G-GSM900M基站(OLT、数据、传输节点)');
INSERT INTO `sys_room` VALUES (280, '江油市', '普通汇聚机房', '绵阳江油东兴基站综合机房', '在网', 43, '6247_江油东兴基站G-GSM900M基站（OLT、数据、传输节点）');
INSERT INTO `sys_room` VALUES (281, '江油市', '普通汇聚机房', '绵阳江油边界沟站综合机房', '在网', 43, '6355_江油边界沟站G-GSM900M基站');
INSERT INTO `sys_room` VALUES (282, '江油市', '普通汇聚机房', '绵阳江油让水汇聚机房', '在网', 43, '绵阳江油让水汇聚OLT节点基站');
INSERT INTO `sys_room` VALUES (283, '江油市', '普通汇聚机房', '绵阳江油八一阳明综合机房', '在网', 43, '6336_江油八一阳明G-GSM900M基站（OLT节点）');
INSERT INTO `sys_room` VALUES (284, '江油市', '普通汇聚机房', '绵阳江油青莲基站综合机房', '在网', 50, '6213_江油青莲基站G-GSM900M基站（OLT、数据、传输节点）');
INSERT INTO `sys_room` VALUES (285, '江油市', '普通汇聚机房', '绵阳江油青莲移动综合机房', '在网', 50, '6478_江油青莲移动G-GSM900M基站');
INSERT INTO `sys_room` VALUES (286, '江油市', '普通汇聚机房', '绵阳江油云享智慧综合机房', '在网', 53, '绵阳江油云享智慧5G基站');
INSERT INTO `sys_room` VALUES (287, '江油市', '普通汇聚机房', '绵阳江油永胜文昌综合机房', '在网', 54, '6425_江油永胜文昌G-GSM900M基站（OLT节点）');
INSERT INTO `sys_room` VALUES (288, '江油市', '普通汇聚机房', '绵阳江油苏溪沟站综合机房', '在网', 55, '6524_江油苏溪沟站G-GSM900M基站');
INSERT INTO `sys_room` VALUES (289, '江油市', '普通汇聚机房', '绵阳江油西平基站综合机房', '在网', 56, '6242_江油西平基站G-GSM900M基站（OLT、传输节点）');
INSERT INTO `sys_room` VALUES (290, '江油市', '普通汇聚机房', '绵阳江油香水基站综合机房', '在网', 56, '6269_江油香水基站G-GSM900M基站（OLT节点）');
INSERT INTO `sys_room` VALUES (291, '江油市', '普通汇聚机房', '绵阳江油河西大桥综合机房', '在网', 56, '6410_江油河西大桥G-GSM900M基站（OLT节点）');
INSERT INTO `sys_room` VALUES (292, '江油市', '普通汇聚机房', '绵阳江油新春村站综合机房', '在网', 56, '6325_江油新春村站G-GSM900M基站');
INSERT INTO `sys_room` VALUES (293, '江油市', '普通汇聚机房', '绵阳江油雍景苑站综合机房', '在网', 53, '000000_绵阳江油雍景苑站TD-LTE基站(传输、OLT节点）');
INSERT INTO `sys_room` VALUES (294, '江油市', '普通汇聚机房', '绵阳江油三合基站综合机房', '在网', 53, '6202_江油三合基站G-GSM900M D-DCS1800M基站（OLT节点）');
INSERT INTO `sys_room` VALUES (295, '江油市', '普通汇聚机房', '绵阳江油三合绿地综合机房', '在网', 53, '绵阳江油三合绿地');
INSERT INTO `sys_room` VALUES (296, '江油市', '普通汇聚机房', '绵阳江油匡机基站综合机房', '在网', 53, '6404_江油矿机基站G-GSM900M基站（OLT节点）');
INSERT INTO `sys_room` VALUES (297, '江油市', '重要汇聚机房', '绵阳江油小溪坝站综合机房', '在网', 49, '6208_江油小溪坝站G-GSM900M基站（传输节点）');
INSERT INTO `sys_room` VALUES (298, '江油市', '普通汇聚机房', '绵阳江油花石村站综合机房', '在网', 44, '6350_江油花石村站G-GSM900M基站（OLT节点）');
INSERT INTO `sys_room` VALUES (299, '江油市', '普通汇聚机房', '绵阳江油白阳洞站综合机房', '在网', 44, '6275_江油白阳洞站G-GSM900M 基站');
INSERT INTO `sys_room` VALUES (300, '江油市', '普通汇聚机房', '绵阳江油蒲家沟站综合机房', '在网', 44, '6338_江油蒲家沟站G-GSM900M基站（OLT节点）');
INSERT INTO `sys_room` VALUES (301, '江油市', '普通汇聚机房', '绵阳江油重兴基站综合机房', '在网', 44, '6240_江油重兴基站G-GSM900M基站（OLT节点）');
INSERT INTO `sys_room` VALUES (302, '江油市', '普通汇聚机房', '绵阳江油重华基站综合机房', '在网', 44, '6382_江油重华基站G-GSM900M基站（OLT、数据、传输节点）');
INSERT INTO `sys_room` VALUES (303, '江油市', '普通汇聚机房', '绵阳江油小溪坝二综合机房', '在网', 44, '6132_江油小溪坝二G-GSM900M基站（OLT节点）');
INSERT INTO `sys_room` VALUES (304, '江油市', '普通汇聚机房', '绵阳江油新兴高速综合机房', '在网', 44, '6526_江油新兴高速G-GSM900M基站（OLT节点）');
INSERT INTO `sys_room` VALUES (305, '江油市', '普通汇聚机房', '绵阳江油云集基站综合机房', '在网', 44, '6244_江油云集基站G-GSM900M基站（OLT节点）');
INSERT INTO `sys_room` VALUES (306, '江油市', '普通汇聚机房', '绵阳江油战旗石庙综合机房', '在网', 45, '6426_江油战旗石庙G-GSM900M基站（OLT节点）');
INSERT INTO `sys_room` VALUES (307, '江油市', '普通汇聚机房', '绵阳江油义新乡站综合机房', '在网', 45, '6433_江油义新乡站G-GSM900M基站（OLT、数据、传输节点）');
INSERT INTO `sys_room` VALUES (308, '江油市', '普通汇聚机房', '绵阳江油农机局站综合机房', '在网', 45, '6205_江油农机局站G-GSM900M基站（OLT节点）');
INSERT INTO `sys_room` VALUES (309, '江油市', '重要汇聚机房', '绵阳江油小溪干线综合机房', '在网', 49, '0000_江油小溪二干G-GSM900M基站(传输节点)');
INSERT INTO `sys_room` VALUES (310, '江油市', '重要汇聚机房', '绵阳江油小溪汇聚机房', '在网', 49, '0000_江油小溪汇聚节点G-GSM900M基站（传输节点）');
INSERT INTO `sys_room` VALUES (311, '江油市', '普通汇聚机房', '绵阳江油川西北站综合机房', '在网', 49, '0000_江油川西北汇聚站G-GSM900M(OLT、传输节点)');
INSERT INTO `sys_room` VALUES (312, '江油市', '普通汇聚机房', '绵阳江油厚坝车站综合机房', '在网', 57, '6256_江油厚坝车站G-GSM900M基站（OLT、数据、传输节点）');
INSERT INTO `sys_room` VALUES (313, '江油市', '普通汇聚机房', '绵阳江油联想汇聚机房', '在网', 58, '绵阳江油联想汇聚5G基站');
INSERT INTO `sys_room` VALUES (314, '江油市', '普通汇聚机房', '绵阳江油站旗基站综合机房', '在网', 46, '6243_江油战旗基站G-GSM900M基站（OLT节点）');
INSERT INTO `sys_room` VALUES (315, '江油市', '普通汇聚机房', '绵阳江油双河基站综合机房', '在网', 46, '6225_江油双河基站G-GSM900M基站（OLT节点）');
INSERT INTO `sys_room` VALUES (316, '江油市', '普通汇聚机房', '绵阳江油永平基站综合机房', '在网', 46, '6230_江油永平基站G-GSM900M基站（OLT节点）');
INSERT INTO `sys_room` VALUES (317, '江油市', '普通汇聚机房', '绵阳江油月爱村站综合机房', '在网', 58, '0400_江油月爱村站TD-SCDMA基站（OLT节点）');
INSERT INTO `sys_room` VALUES (318, '江油市', '普通汇聚机房', '绵阳江油宝珠村站综合机房', '在网', 43, '6308_江油宝珠村站G-GSM900M基站（OLT节点）');
INSERT INTO `sys_room` VALUES (319, '江油市', '普通汇聚机房', '绵阳江油大堰基站综合机房', '在网', 58, '6229_江油大堰基站G-GSM900M基站（OLT节点）');
INSERT INTO `sys_room` VALUES (320, '江油市', '普通汇聚机房', '绵阳江油贯山基站综合机房', '在网', 58, '6248_江油贯山基站G-GSM900M基站（OLT、传输节点）');
INSERT INTO `sys_room` VALUES (321, '江油市', '普通汇聚机房', '绵阳江油青龙基站综合机房', '在网', 58, '6412_江油青龙基站G-GSM900M基站（OLT节点）');
INSERT INTO `sys_room` VALUES (322, '江油市', '普通汇聚机房', '绵阳江油文胜基站综合机房', '在网', 47, '6264_江油文胜基站G-GSM900M基站');
INSERT INTO `sys_room` VALUES (323, '江油市', '普通汇聚机房', '绵阳江油河口基站综合机房', '在网', 47, '6217_江油河口基站G-GSM900M基站（OLT节点）');
INSERT INTO `sys_room` VALUES (324, '江油市', '普通汇聚机房', '绵阳江油二郎庙二综合机房', '在网', 47, '6118_江油二郎庙二G-GSM900M基站（OLT、传输节点）');
INSERT INTO `sys_room` VALUES (325, '江油市', '普通汇聚机房', '绵阳江油二郎庙站综合机房', '在网', 47, '6214_江油二郎庙站G-GSM900M基站（OLT、数据、传输节点）');
INSERT INTO `sys_room` VALUES (326, '平武县', '重要汇聚机房', '绵阳平武县城基站综合机房', '在网', 59, '5805_平武县城基站G-GSM900M基站(传输、数据、OLT节点）');
INSERT INTO `sys_room` VALUES (327, '平武县', '普通汇聚机房', '绵阳平武黑水基站综合机房', '在网', 60, '5810_平武黑水基站G-GSM900M基站(传输节点)');
INSERT INTO `sys_room` VALUES (328, '平武县', '普通汇聚机房', '绵阳平武坝子乡场镇综合机房', '在网', 61, '5451_平武坝子场镇G-GSM900M基站（OLT节点）');
INSERT INTO `sys_room` VALUES (329, '平武县', '业务汇聚机房', '绵阳平武白鸭场镇综合机房', '在网', 62, '968478_绵阳平武白鸭场镇TD-LTE基站（OLT节点）');
INSERT INTO `sys_room` VALUES (330, '平武县', '普通汇聚机房', '绵阳平武金色家园综合机房', '在网', 63, '0425_平武金色家园TD-SCDMA基站（OLT节点）');
INSERT INTO `sys_room` VALUES (331, '平武县', '普通汇聚机房', '绵阳平武旧堡场镇综合机房', '在网', 64, '954448_绵阳平武旧堡场镇TD-LTE基站');
INSERT INTO `sys_room` VALUES (332, '平武县', '普通汇聚机房', '绵阳平武豹子沟口综合机房', '在网', 63, '5842_平武豹子沟口G-GSM900M基站（传输节点）');
INSERT INTO `sys_room` VALUES (333, '平武县', '普通汇聚机房', '绵阳平武长桂基站综合机房', '在网', 61, '5814_平武长桂基站G-GSM900M基站（OLT节点）');
INSERT INTO `sys_room` VALUES (334, '平武县', '普通汇聚机房', '绵阳平武旧堡竹丰曹家梁站综合机房', '在网', 64, '5439_平武竹丰基站G-GSM900M基站(OLT节点)');
INSERT INTO `sys_room` VALUES (335, '平武县', '业务汇聚机房', '绵阳平武阔达基站综合机房', '在网', 65, '0000_平武阔达基站G-GSM900M基站（OLT节点）');
INSERT INTO `sys_room` VALUES (336, '平武县', '重要汇聚机房', '绵阳平武响岩场镇综合机房', '在网', 59, '5920_平武响岩场镇G-GSM900M基站(传输、数据节点）');
INSERT INTO `sys_room` VALUES (337, '平武县', '业务汇聚机房', '绵阳平武响岩同心土地垭站综合机房', '在网', 62, '0000_平武同心基站TD-LTE基站');
INSERT INTO `sys_room` VALUES (338, '平武县', '普通汇聚机房', '绵阳平武新乾场镇综合机房', '在网', 64, '绵阳平武新乾场镇节点基站');
INSERT INTO `sys_room` VALUES (339, '平武县', '业务汇聚机房', '绵阳平武赤水场镇综合机房', '在网', 66, '绵阳平武赤水场镇节点基站');
INSERT INTO `sys_room` VALUES (340, '平武县', '普通汇聚机房', '绵阳平武大桥场镇综合机房', '在网', 64, '5880_平武大桥场镇G-GSM900M基站（传输节点）');
INSERT INTO `sys_room` VALUES (341, '平武县', '普通汇聚机房', '绵阳平武大桥小楼村站综合机房', '在网', 64, '5808_平武大桥基站G-GSM900M基站（传输节点）');
INSERT INTO `sys_room` VALUES (342, '平武县', '普通汇聚机房', '绵阳平武林家坝站综合机房', '在网', 63, '5815_平武林家坝站G-GSM900M基站（OLT节点）');
INSERT INTO `sys_room` VALUES (343, '平武县', '普通汇聚机房', '绵阳平武龙安城湾巷站综合机房', '在网', 59, '5804_平武龙安城湾巷站 G-GSM900M基站(数据波分、传输节点)');
INSERT INTO `sys_room` VALUES (344, '平武县', '普通汇聚机房', '绵阳平武龙安东桥头站综合机房', '在网', 59, '5843_平武龙安东桥头站-GSM900M基站（OLT节点）');
INSERT INTO `sys_room` VALUES (345, '平武县', '普通汇聚机房', '绵阳平武兴隆村站综合机房', '在网', 64, '5440_平武兴隆村站G-GSM900M基站（传输节点）');
INSERT INTO `sys_room` VALUES (346, '平武县', '普通汇聚机房', '绵阳平武徐塘场镇综合机房', '在网', 60, '954460_绵阳平武徐塘场镇TD-LTE基站(传输节点）');
INSERT INTO `sys_room` VALUES (347, '平武县', '普通汇聚机房', '绵阳平武马家基站综合机房', '在网', 63, '5894_平武马家基站G-GSM900M基站（OLT节点）');
INSERT INTO `sys_room` VALUES (348, '平武县', '业务汇聚机房', '绵阳平武徐塘基站综合机房', '在网', 66, '5422_平武平沟基站G-GSM900M基站(传输、OLT节点）');
INSERT INTO `sys_room` VALUES (349, '平武县', '普通汇聚机房', '绵阳平武叶塘村站综合机房', '在网', 63, '5886_平武叶塘村站G-GSM900M基站（传输节点）');
INSERT INTO `sys_room` VALUES (350, '平武县', '重要汇聚机房', '绵阳平武移动大楼局房传输机房', '在网', 59, '000000_平武移动大楼局房传输机房（传输、数据、OLT节点）');
INSERT INTO `sys_room` VALUES (351, '平武县', '重要汇聚机房', '绵阳平武豆叩场镇汇聚机房', '在网', 59, '0000_平武豆叩场镇汇聚TD-LTE基站');
INSERT INTO `sys_room` VALUES (352, '平武县', '普通汇聚机房', '绵阳平武豆叩场镇综合机房', '在网', 59, '5450_平武豆叩场镇G-GSM900M基站(传输节点）');
INSERT INTO `sys_room` VALUES (353, '平武县', '重要汇聚机房', '绵阳平武豆叩基站综合机房', '在网', 60, '5807_平武豆叩基站G-GSM900M基站(传输节点）');
INSERT INTO `sys_room` VALUES (354, '平武县', '业务汇聚机房', '绵阳平武豆叩李家场镇综合机房', '在网', 66, '绵阳平武李家场镇节点基站');
INSERT INTO `sys_room` VALUES (355, '平武县', '业务汇聚机房', '绵阳平武檬子树站综合机房', '在网', 62, '5863_平武檬子树站G-GSM900M基站（OLT节点）');
INSERT INTO `sys_room` VALUES (356, '平武县', '普通汇聚机房', '绵阳平武庙坝村站综合机房', '在网', 63, '5443_平武庙坝村站G-GSM900M基站（传输节点）');
INSERT INTO `sys_room` VALUES (357, '平武县', '普通汇聚机房', '绵阳平武木座藏乡综合机房', '在网', 59, '5831_平武木座藏乡G-GSM900M基站（传输节点）');
INSERT INTO `sys_room` VALUES (358, '平武县', '普通汇聚机房', '绵阳平武移动大楼综合机房', '在网', 59, '5869_平武移动大楼G-GSM900M基站（OLT节点）');
INSERT INTO `sys_room` VALUES (359, '平武县', '重要汇聚机房', '绵阳平武移动枢纽综合机房', '在网', 59, '绵阳平武移动枢纽综合机房（OLT节点）');
INSERT INTO `sys_room` VALUES (360, '平武县', '普通汇聚机房', '绵阳平武枫香村站综合机房', '在网', 64, '5917_平武枫香村站G-GSM900M基站（OLT节点）');
INSERT INTO `sys_room` VALUES (361, '平武县', '普通汇聚机房', '绵阳平武高村基站综合机房', '在网', 61, '5813_平武高村基站G-GSM900M基站（OLT节点）');
INSERT INTO `sys_room` VALUES (362, '平武县', '普通汇聚机房', '绵阳平武南坝大沟村站综合机房', '在网', 60, '5435_平武平溪零二G-GSM900M基站（OLT节点）');
INSERT INTO `sys_room` VALUES (363, '平武县', '业务汇聚机房', '绵阳平武南坝洪溪综合机房', '在网', 62, '5857_平武南坝洪溪G-GSM900M基站(OLT节点)');
INSERT INTO `sys_room` VALUES (364, '平武县', '普通汇聚机房', '绵阳平武南坝基站综合机房', '在网', 61, '5803_平武南坝基站G-GSM900M基站（多拉远节点、OLT节点站、传输）');
INSERT INTO `sys_room` VALUES (365, '平武县', '普通汇聚机房', '绵阳平武古城场镇综合机房', '在网', 63, '5472_平武古城场镇G-GSM900M基站(传输、OLT节点）');
INSERT INTO `sys_room` VALUES (366, '平武县', '普通汇聚机房', '绵阳平武海毫村站综合机房', '在网', 61, '5874_平武海毫村站G-GSM900M基站');
INSERT INTO `sys_room` VALUES (367, '平武县', '普通汇聚机房', '绵阳平武平南场镇综合机房', '在网', 60, '954449_绵阳平武平南场镇TD-LTE基站');
INSERT INTO `sys_room` VALUES (368, '平武县', '普通汇聚机房', '绵阳平武平通场镇综合机房', '在网', 60, '747_平武平通场镇TD-SCDMA基站(传输、OLT节点）');
INSERT INTO `sys_room` VALUES (369, '平武县', '普通汇聚机房', '绵阳平武平通牛角垭站综合机房', '在网', 63, '5806_平武平通基站G-GSM900M基站');
INSERT INTO `sys_room` VALUES (370, '平武县', '普通汇聚机房', '绵阳平武丘林基站综合机房', '在网', 61, '5424_平武丘林基站G-GSM900M基站');
INSERT INTO `sys_room` VALUES (371, '平武县', '普通汇聚机房', '绵阳平武曲水村站综合机房', '在网', 63, '5902_平武曲水村站G-GSM900M基站');
INSERT INTO `sys_room` VALUES (372, '平武县', '普通汇聚机房', '绵阳平武煽铁沟站综合机房', '在网', 61, '5849_平武煽铁沟站G-GSM900M基站(传输、OLT节点）');
INSERT INTO `sys_room` VALUES (373, '平武县', '普通汇聚机房', '绵阳平武石坎基站综合机房', '在网', 61, '5811_平武石坎基站G-GSM900M基站（OLT节点）');
INSERT INTO `sys_room` VALUES (374, '平武县', '普通汇聚机房', '绵阳平武石头坝站综合机房', '在网', 61, '5893_平武石头坝站G-GSM900M基站（OLT节点）');
INSERT INTO `sys_room` VALUES (375, '平武县', '普通汇聚机房', '绵阳平武水柏场镇综合机房', '在网', 63, '954441_绵阳平武水柏场镇TD-LTE基站（OLT节点）');
INSERT INTO `sys_room` VALUES (376, '平武县', '普通汇聚机房', '绵阳平武水晶场镇综合机房', '在网', 64, '5865_平武水晶场镇G-GSM900M基站（OLT节点）');
INSERT INTO `sys_room` VALUES (377, '平武县', '业务汇聚机房', '绵阳平武水口基站综合机房', '在网', 66, '5850_平武水口基站G-GSM900M基站（OLT节点）');
INSERT INTO `sys_room` VALUES (378, '平武县', '普通汇聚机房', '绵阳平武水田基站综合机房', '在网', 61, '5421_平武水田基站G-GSM900M基站（OLT节点）');
INSERT INTO `sys_room` VALUES (379, '平武县', '普通汇聚机房', '绵阳平武锁江基站综合机房', '在网', 60, '5817_平武锁江基站G-GSM900M基站(传输、OLT节点）');
INSERT INTO `sys_room` VALUES (380, '平武县', '普通汇聚机房', '绵阳平武铁笼堡站综合机房', '在网', 64, '5834_平武铁笼堡站G-GSM900M基站（OLT节点）');
INSERT INTO `sys_room` VALUES (381, '平武县', '业务汇聚机房', '绵阳平武土城基站综合机房', '在网', 65, '5879_平武土城基站G-GSM900M基站（OLT节点）');
INSERT INTO `sys_room` VALUES (382, '平武县', '业务汇聚机房', '绵阳平武王霸楚传输站综合机房', '在网', 60, '0000_平武王坝楚传输TD-LTE基站（OLT节点）');
INSERT INTO `sys_room` VALUES (383, '平武县', '普通汇聚机房', '绵阳平武王朗基站综合机房', '在网', 60, '5839_平武王朗基站G-GSM900M基站');
INSERT INTO `sys_room` VALUES (384, '平武县', '业务汇聚机房', '绵阳平武水晶基站综合机房', '在网', 65, '5801_平武水晶基站G-GSM900M基站');
INSERT INTO `sys_room` VALUES (385, '平武县', '业务汇聚机房', '绵阳平武徐塘汇聚机房', '在网', 60, '绵阳平武徐塘汇聚机房(YA)');
INSERT INTO `sys_room` VALUES (386, '三台县', '业务汇聚机房', '绵阳三台高山基站综合机房', '在网', 67, '1701_三台高山基站G-GSM900M基站（OLT节点）');
INSERT INTO `sys_room` VALUES (387, '三台县', '普通汇聚机房', '绵阳三台工商局站综合机房', '在网', 68, '2383_三台工商局站G-GSM900M基站');
INSERT INTO `sys_room` VALUES (388, '三台县', '普通汇聚机房', '绵阳三台古井基站综合机房', '在网', 69, '2316_三台古井基站G-GSM900M基站(OLT、传输节点)');
INSERT INTO `sys_room` VALUES (389, '三台县', '业务汇聚机房', '绵阳三台观桥汇聚机房', '在网', 70, '绵阳三台观桥汇聚节点基站');
INSERT INTO `sys_room` VALUES (390, '三台县', '普通汇聚机房', '绵阳三台观桥基站综合机房', '在网', 69, '2320_三台观桥基站G-GSM900M基站(OLT、传输节点)');
INSERT INTO `sys_room` VALUES (391, '三台县', '业务汇聚机房', '绵阳三台规划村站综合机房', '在网', 71, '1778_三台规划村站G-GSM900M基站（OLT、传输节点）');
INSERT INTO `sys_room` VALUES (392, '三台县', '普通汇聚机房', '绵阳三台花园基站综合机房', '在网', 69, '2325_三台花园基站G-GSM900M基站（OLT、传输节点）');
INSERT INTO `sys_room` VALUES (393, '三台县', '普通汇聚机房', '绵阳三台黄林基站综合机房', '在网', 72, '1741_三台黄林基站G-GSM900M基站（OLT、传输节点）');
INSERT INTO `sys_room` VALUES (394, '三台县', '普通汇聚机房', '绵阳三台建平基站综合机房', '在网', 72, '2318_三台建平基站G-GSM900M基站（OLT、传输节点）');
INSERT INTO `sys_room` VALUES (395, '三台县', '业务汇聚机房', '绵阳三台进都基站综合机房', '在网', 73, '1713_三台进都基站G-GSM900M基站（OLT、传输节点）');
INSERT INTO `sys_room` VALUES (396, '三台县', '普通汇聚机房', '绵阳三台乐加基站综合机房', '在网', 74, '2344_三台乐加基站G-GSM900M基站（OLT节点）');
INSERT INTO `sys_room` VALUES (397, '三台县', '普通汇聚机房', '绵阳三台塔山零二综合机房', '在网', 68, '2397_三台塔山零二G-GSM900M基站（OLT、传输节点）');
INSERT INTO `sys_room` VALUES (398, '三台县', '普通汇聚机房', '绵阳三台里程基站综合机房', '在网', 69, '2346_三台里程基站G-GSM900M基站（OLT、传输节点）');
INSERT INTO `sys_room` VALUES (399, '三台县', '普通汇聚机房', '绵阳三台建中基站综合机房', '在网', 75, '2364_三台建中基站G-GSM900M基站(OLT、传输节点)');
INSERT INTO `sys_room` VALUES (400, '三台县', '普通汇聚机房', '绵阳三台拦江香林综合机房', '在网', 69, '2466_三台香林村站G-GSM900M基站（OLT节点）');
INSERT INTO `sys_room` VALUES (401, '三台县', '普通汇聚机房', '绵阳三台老马基站综合机房', '在网', 69, '2363_三台老马基站G-GSM900M基站（OLT、传输节点）');
INSERT INTO `sys_room` VALUES (402, '三台县', '普通汇聚机房', '绵阳三台安居基站综合机房', '在网', 74, '2345_三台安居基站G-GSM900M基站（OLT、传输节点）');
INSERT INTO `sys_room` VALUES (403, '三台县', '普通汇聚机房', '绵阳三台建设后街综合机房', '在网', 75, '绵阳三台建设后街5G基站');
INSERT INTO `sys_room` VALUES (404, '三台县', '普通汇聚机房', '绵阳三台建设基站综合机房', '在网', 69, '2315_三台建设基站G-GSM900M基站（OLT、传输节点）');
INSERT INTO `sys_room` VALUES (405, '三台县', '普通汇聚机房', '绵阳三台八洞基站综合机房', '在网', 72, '2333_三台八洞基站G-GSM900M基站（OLT、传输节点）');
INSERT INTO `sys_room` VALUES (406, '三台县', '普通汇聚机房', '绵阳三台白雀基站综合机房', '在网', 76, '1730_三台白雀基站G-GSM900M基站（OLT、传输节点）');
INSERT INTO `sys_room` VALUES (407, '三台县', '业务汇聚机房', '绵阳三台金光基站综合机房', '在网', 71, '1702_三台金光基站G-GSM900M基站（OLT、传输节点）');
INSERT INTO `sys_room` VALUES (408, '三台县', '普通汇聚机房', '绵阳三台金石基站综合机房', '在网', 72, '2354_三台金石基站G-GSM900M基站（OLT、传输节点）');
INSERT INTO `sys_room` VALUES (409, '三台县', '普通汇聚机房', '绵阳三台百倾基站综合机房', '在网', 74, '2324_三台百顷基站G-GSM900M基站（OLT、传输节点）');
INSERT INTO `sys_room` VALUES (410, '三台县', '业务汇聚机房', '绵阳三台宝泉基站综合机房', '在网', 70, '2367_三台宝泉基站G-GSM900M基站（OLT、传输节点）');
INSERT INTO `sys_room` VALUES (411, '三台县', '普通汇聚机房', '绵阳三台乐安基站综合机房', '在网', 72, '2317_三台乐安基站G-GSM900M基站（OLT、传输节点）');
INSERT INTO `sys_room` VALUES (412, '三台县', '普通汇聚机房', '绵阳三台北坝小学综合机房', '在网', 74, '2400_三台北坝小学G-GSM900M基站');
INSERT INTO `sys_room` VALUES (413, '三台县', '普通汇聚机房', '绵阳三台移动公司四楼综合机房', '在网', 68, '绵阳三台移动四楼机房汇聚基站');
INSERT INTO `sys_room` VALUES (414, '三台县', '普通汇聚机房', '绵阳三台昌德汇聚机房', '在网', 76, '绵阳三台昌德汇聚OLT节点基站');
INSERT INTO `sys_room` VALUES (415, '三台县', '普通汇聚机房', '绵阳三台长乐基站综合机房', '在网', 75, '1714_三台长乐基站G-GSM900M基站（OLT、传输节点）');
INSERT INTO `sys_room` VALUES (416, '三台县', '业务汇聚机房', '绵阳三台金玉基站综合机房', '在网', 71, '1729_三台金玉基站G-GSM900M基站（OLT、传输节点）');
INSERT INTO `sys_room` VALUES (417, '三台县', '业务汇聚机房', '绵阳三台德光基站综合机房', '在网', 70, '1736_三台德光基站G-GSM900M基站（OLT、传输节点）');
INSERT INTO `sys_room` VALUES (418, '三台县', '普通汇聚机房', '绵阳三台东街基站综合机房', '在网', 68, '2303_三台东街基站G-GSM900M基站（OLT节点）');
INSERT INTO `sys_room` VALUES (419, '三台县', '普通汇聚机房', '绵阳三台断石基站综合机房', '在网', 76, '2362_三台断石基站G-GSM900M基站（OLT节点）');
INSERT INTO `sys_room` VALUES (420, '三台县', '普通汇聚机房', '绵阳三台富顺汇聚机房', '在网', 76, '绵阳三台富顺汇聚机房(YA)');
INSERT INTO `sys_room` VALUES (421, '三台县', '普通汇聚机房', '绵阳三台富顺基站综合机房', '在网', 76, '2311_三台富顺基站G-GSM900M基站（传输节点）');
INSERT INTO `sys_room` VALUES (422, '三台县', '普通汇聚机房', '绵阳三台灵兴基站综合机房', '在网', 69, '2327_三台灵兴基站G-GSM900M基站（OLT、传输节点）');
INSERT INTO `sys_room` VALUES (423, '三台县', '普通汇聚机房', '绵阳三台刘营基站综合机房', '在网', 69, '2310_三台刘营基站G-GSM900M基站（OLT、传输节点）');
INSERT INTO `sys_room` VALUES (424, '三台县', '普通汇聚机房', '绵阳三台曙光基站综合机房', '在网', 77, '1707_三台曙光基站G-GSM900M基站（OLT、传输节点）');
INSERT INTO `sys_room` VALUES (425, '三台县', '业务汇聚机房', '绵阳三台双乐基站综合机房', '在网', 70, '1737_三台双乐基站G-GSM900M基站(OLT、传输节点)');
INSERT INTO `sys_room` VALUES (426, '三台县', '重要汇聚机房', '绵阳三台中兴汇聚机房', '在网', 78, '2311_三台中兴汇聚G-GSM900M基站（传输节点）');
INSERT INTO `sys_room` VALUES (427, '三台县', '普通汇聚机房', '绵阳三台忠孝基站综合机房', '在网', 77, '2347_三台忠孝基站G-GSM900M基站（OLT、传输节点）');
INSERT INTO `sys_room` VALUES (428, '三台县', '业务汇聚机房', '绵阳三台朱君基站综合机房', '在网', 73, '1727_三台朱君基站G-GSM900M基站（OLT、传输节点）');
INSERT INTO `sys_room` VALUES (429, '三台县', '业务汇聚机房', '绵阳三台转江基站综合机房', '在网', 79, '1703_三台转江基站G-GSM900M基站（OLT、传输节点）');
INSERT INTO `sys_room` VALUES (430, '三台县', '普通汇聚机房', '绵阳三台塔山基站综合机房', '在网', 76, '2309_三台塔山基站G-GSM900M基站（OLT、传输节点）');
INSERT INTO `sys_room` VALUES (431, '三台县', '业务汇聚机房', '绵阳三台塔山高速汇聚机房', '在网', 71, '绵阳三台塔山高速汇聚机房(YA)');
INSERT INTO `sys_room` VALUES (432, '三台县', '普通汇聚机房', '绵阳三台紫河基站综合机房', '在网', 74, '2330_三台紫河基站G-GSM900M基站（OLT、传输节点）');
INSERT INTO `sys_room` VALUES (433, '三台县', '普通汇聚机房', '绵阳三台紫锦名门综合机房', '在网', 75, '2440_三台紫锦名门G-GSM900M基站（OLT、传输节点）');
INSERT INTO `sys_room` VALUES (434, '三台县', '普通汇聚机房', '绵阳三台郪江基站综合机房', '在网', 74, '2357_三台萋江基站G-GSM900M基站（OLT、传输节点）');
INSERT INTO `sys_room` VALUES (435, '三台县', '普通汇聚机房', '绵阳三台台棉厂站综合机房', '在网', 78, '2313_三台台棉厂站G-GSM900M基站（数据节点）');
INSERT INTO `sys_room` VALUES (436, '三台县', '普通汇聚机房', '绵阳三台太和基站综合机房', '在网', 74, '2375_三台太和基站G-GSM900M基站（OLT、传输节点）');
INSERT INTO `sys_room` VALUES (437, '三台县', '重要汇聚机房', '绵阳三台柳池汇聚机房', '在网', 78, '绵阳三台柳池汇聚机房(YA)');
INSERT INTO `sys_room` VALUES (438, '三台县', '重要汇聚机房', '绵阳三台柳池基站综合机房', '在网', 78, '2341_三台柳池基站G-GSM900M基站(OLT、传输节点)');
INSERT INTO `sys_room` VALUES (439, '三台县', '普通汇聚机房', '绵阳三台团结基站综合机房', '在网', 72, '2307_三台团结基站G-GSM900M基站（OLT、传输节点）');
INSERT INTO `sys_room` VALUES (440, '三台县', '普通汇聚机房', '绵阳三台文化路站综合机房', '在网', 68, '2612_三台文化路站G-GSM900M基站（多拉远节点）');
INSERT INTO `sys_room` VALUES (441, '三台县', '普通汇聚机房', '绵阳三台龙树基站综合机房', '在网', 76, '2335_三台龙树基站G-GSM900M基站（OLT、传输节点）');
INSERT INTO `sys_room` VALUES (442, '三台县', '普通汇聚机房', '绵阳三台芦桥基站综合机房', '在网', 76, '1704_三台芦桥基站G-GSM900M基站（OLT、传输节点）');
INSERT INTO `sys_room` VALUES (443, '三台县', '普通汇聚机房', '绵阳三台芦溪基站综合机房', '在网', 77, '2305_三台芦溪基站G-GSM900M D-DCS1800M基站（传输节点）');
INSERT INTO `sys_room` VALUES (444, '三台县', '重要汇聚机房', '绵阳三台里程汇聚机房', '在网', 68, '0000_绵阳三台里程汇聚TD-LTE基站（传输节点）');
INSERT INTO `sys_room` VALUES (445, '三台县', '普通汇聚机房', '绵阳三台芦溪零广化寺综合机房', '在网', 69, '2377_绵阳三台芦溪零广化寺G-GSM900M基站（OLT、传输节点）');
INSERT INTO `sys_room` VALUES (446, '三台县', '重要汇聚机房', '绵阳三台芦溪营销中心综合机房', '在网', 75, '2474_绵阳三台芦溪营销中心G-GSM900M基站（OLT、传输节点）');
INSERT INTO `sys_room` VALUES (447, '三台县', '普通汇聚机房', '绵阳三台向阳基站综合机房', '在网', 77, '2314_三台向阳基站G-GSM900M基站(OLT、传输节点)');
INSERT INTO `sys_room` VALUES (448, '三台县', '业务汇聚机房', '绵阳三台协和基站综合机房', '在网', 70, '2368_三台协和基站G-GSM900M基站（OLT、传输节点）');
INSERT INTO `sys_room` VALUES (449, '三台县', '普通汇聚机房', '绵阳三台芦溪中学综合机房', '在网', 77, '2450_绵阳三台芦溪零中学楼G-GSM900M基站');
INSERT INTO `sys_room` VALUES (450, '三台县', '普通汇聚机房', '绵阳三台新德基站综合机房', '在网', 78, '2328_三台新德基站G-GSM900M基站（OLT、传输节点）');
INSERT INTO `sys_room` VALUES (451, '三台县', '重要汇聚机房', '绵阳三台新鲁汇聚机房', '在网', 72, '0000_绵阳三台新鲁汇聚TD-LTE基站（传输节点）');
INSERT INTO `sys_room` VALUES (452, '三台县', '普通汇聚机房', '绵阳三台新鲁基站综合机房', '在网', 78, '2342_三台新鲁基站G-GSM900M基站（OLT、传输节点）');
INSERT INTO `sys_room` VALUES (453, '三台县', '普通汇聚机房', '绵阳三台慕禹基站综合机房', '在网', 78, '1721_三台慕禹基站G-GSM900M基站（OLT节点）');
INSERT INTO `sys_room` VALUES (454, '三台县', '普通汇聚机房', '绵阳三台企业局站综合机房', '在网', 75, '2379_三台企业局站G-GSM900M D-DCS1800M基站（多拉远、OLT节点）');
INSERT INTO `sys_room` VALUES (455, '三台县', '业务汇聚机房', '绵阳三台新西街四楼站综合机房', '在网', 67, '0000_三台新西四楼G-GSM900M基站（OLT、传输节点）');
INSERT INTO `sys_room` VALUES (456, '三台县', '重要汇聚机房', '绵阳三台北坝移动综合机房', '在网', 68, '2378_绵阳三台北坝移动G-GSM900M D-DCS1800M基站（OLT、数据、传输节点）');
INSERT INTO `sys_room` VALUES (457, '三台县', '普通汇聚机房', '绵阳三台星火基站综合机房', '在网', 78, '1715_三台星火基站G-GSM900M基站（OLT、传输节点）');
INSERT INTO `sys_room` VALUES (458, '三台县', '普通汇聚机房', '绵阳三台幸福基站综合机房', '在网', 78, '2348_三台幸福基站G-GSM900M基站（OLT、传输节点）');
INSERT INTO `sys_room` VALUES (459, '三台县', '重要汇聚机房', '绵阳三台西平基站综合机房', '在网', 68, '2308_三台西平基站G-GSM900M基站(OLT、传输节点)');
INSERT INTO `sys_room` VALUES (460, '三台县', '业务汇聚机房', '绵阳三台青龙山站综合机房', '在网', 71, '1753_三台青龙山站G-GSM900M基站（OLT、传输节点）');
INSERT INTO `sys_room` VALUES (461, '三台县', '普通汇聚机房', '绵阳三台秋林基站综合机房', '在网', 76, '2355_三台秋林基站G-GSM900M基站（OLT、传输节点）');
INSERT INTO `sys_room` VALUES (462, '三台县', '重要汇聚机房', '绵阳三台新西街站综合机房', '在网', 68, '2301_三台新西街站G-GSM900M D-DCS1800M基站（数据、传输节点）');
INSERT INTO `sys_room` VALUES (463, '三台县', '普通汇聚机房', '绵阳三台永明基站综合机房', '在网', 77, '2340_三台永明基站G-GSM900M基站（OLT节点）');
INSERT INTO `sys_room` VALUES (464, '三台县', '普通汇聚机房', '绵阳三台永新基站综合机房', '在网', 77, '2329_三台永新基站G-GSM900M基站（OLT、传输节点）');
INSERT INTO `sys_room` VALUES (465, '三台县', '普通汇聚机房', '绵阳三台人民医院综合机房', '在网', 75, '2442_三台人民医院G-GSM900M基站（多拉远、OLT节点）');
INSERT INTO `sys_room` VALUES (466, '三台县', '业务汇聚机房', '绵阳三台塞江基站综合机房', '在网', 71, '1710_三台塞江基站G-GSM900M基站（OLT、传输节点）');
INSERT INTO `sys_room` VALUES (467, '三台县', '普通汇聚机房', '绵阳三台邮政局站综合机房', '在网', 76, '2306_三台邮政局站G-GSM900M基站（OLT节点）');
INSERT INTO `sys_room` VALUES (468, '三台县', '普通汇聚机房', '绵阳三台跃进基站综合机房', '在网', 74, '1708_三台跃进基站G-GSM900M基站（OLT、传输节点）');
INSERT INTO `sys_room` VALUES (469, '三台县', '普通汇聚机房', '绵阳三台三元基站综合机房', '在网', 77, '2350_三台三元基站G-GSM900M基站（OLT、数据、传输节点）');
INSERT INTO `sys_room` VALUES (470, '三台县', '普通汇聚机房', '绵阳三台森林公园综合机房', '在网', 75, '2429_三台森林公园G-GSM900M基站');
INSERT INTO `sys_room` VALUES (471, '三台县', '普通汇聚机房', '绵阳三台上新基站综合机房', '在网', 74, '2373_三台上新基站G-GSM900M基站（OLT、传输节点）');
INSERT INTO `sys_room` VALUES (472, '三台县', '普通汇聚机房', '绵阳三台云同基站综合机房', '在网', 74, '2351_三台云同基站G-GSM900M基站（OLT、传输节点）');
INSERT INTO `sys_room` VALUES (473, '三台县', '普通汇聚机房', '绵阳三台皂角城站综合机房', '在网', 75, '2382_三台皂角城站G-GSM900M基站（OLT、传输节点）');
INSERT INTO `sys_room` VALUES (474, '三台县', '普通汇聚机房', '绵阳三台石安基站综合机房', '在网', 72, '2321_三台石安基站G-GSM900M基站（OLT、传输节点）');
INSERT INTO `sys_room` VALUES (475, '三台县', '普通汇聚机房', '绵阳三台质量汇聚机房', '在网', 75, '绵阳三台质量监督5G汇聚机房基站');
INSERT INTO `sys_room` VALUES (476, '三台县', '普通汇聚机房', '绵阳三台立新基站综合机房', '在网', 77, '2339_三台立新基站G-GSM900M基站（OLT、传输节点）');
INSERT INTO `sys_room` VALUES (477, '三台县', '业务汇聚机房', '绵阳三台外国语恒昌路综合机房', '在网', 67, '绵阳三台外国语站5G基站');
INSERT INTO `sys_room` VALUES (478, '三台县', '业务汇聚机房', '绵阳三台中太汇聚机房', '在网', 79, '绵阳三台中太汇聚机房(YA)');
INSERT INTO `sys_room` VALUES (479, '三台县', '重要汇聚机房', '绵阳三台移动公司综合机房', '在网', 68, '2378_绵阳三台北坝移动G-GSM900M D-DCS1800M基站（OLT、数据、传输节点）');
INSERT INTO `sys_room` VALUES (480, '三台县', '业务汇聚机房', '绵阳三台石安汇聚机房', '在网', 71, '绵阳三台石安汇聚机房');
INSERT INTO `sys_room` VALUES (481, '三台县', '业务汇聚机房', '绵阳三台新西街站汇聚机房', '在网', 67, '绵阳三台新西街站5G基站');
INSERT INTO `sys_room` VALUES (482, '三台县', '业务汇聚机房', '绵阳三台邮政局站五楼综合机房', '在网', 67, '绵阳三台邮政局站五楼(YA)');
INSERT INTO `sys_room` VALUES (483, '三台县', '业务汇聚机房', '绵阳三台刘家汇聚机房', '在网', 79, '绵阳三台刘家汇聚机房汇聚站(YA)');
INSERT INTO `sys_room` VALUES (484, '三台县', '业务汇聚机房', '绵阳三台乐加汇聚机房', '在网', 70, '绵阳三台乐加汇聚节点');
INSERT INTO `sys_room` VALUES (485, '三台县', '业务汇聚机房', '绵阳三台建平汇聚机房', '在网', 73, '绵阳三台建平汇聚节点');
INSERT INTO `sys_room` VALUES (486, '三台县', '业务汇聚机房', '绵阳三台鲁班汇聚机房', '在网', 70, '绵阳三台鲁班汇聚机房汇聚站(YA)');
INSERT INTO `sys_room` VALUES (487, '三台县', '业务汇聚机房', '绵阳三台下新汇聚机房', '在网', 73, '绵阳三台下新汇聚节点');
INSERT INTO `sys_room` VALUES (488, '三台县', '业务汇聚机房', '绵阳三台西平汇聚机房', '在网', 73, '绵阳三台西平汇聚机房(YA)');
INSERT INTO `sys_room` VALUES (489, '盐亭县', '普通汇聚机房', '绵阳盐亭黄溪基站综合机房', '在网', 80, '1821_盐亭黄溪基站G-GSM900M基站(数据、OLT节点)');
INSERT INTO `sys_room` VALUES (490, '盐亭县', '普通汇聚机房', '绵阳盐亭剑河基站综合机房', '在网', 81, '1535_盐亭剑河基站G-GSM900M基站（OLT节点、数据）');
INSERT INTO `sys_room` VALUES (491, '盐亭县', '普通汇聚机房', '绵阳盐亭林山基站综合机房', '在网', 82, '1522_盐亭林山基站G-GSM900M基站（OLT节点、数据）');
INSERT INTO `sys_room` VALUES (492, '盐亭县', '普通汇聚机房', '绵阳盐亭龙泉基站综合机房', '在网', 80, '1538_盐亭龙泉基站G-GSM900M基站（OLT节点、数据）');
INSERT INTO `sys_room` VALUES (493, '盐亭县', '普通汇聚机房', '绵阳盐亭麻秧基站综合机房', '在网', 83, '1527_盐亭麻秧基站G-GSM900M基站（OLT节点、数据）');
INSERT INTO `sys_room` VALUES (494, '盐亭县', '普通汇聚机房', '绵阳盐亭毛公基站综合机房', '在网', 84, '1523_盐亭毛公基站G-GSM900M基站(OLT节点、传输节点、数据)');
INSERT INTO `sys_room` VALUES (495, '盐亭县', '重要汇聚机房', '绵阳盐亭毛公接点综合机房', '在网', 85, '0000_盐亭毛公新二干G-GSM900M基站(传输节点)');
INSERT INTO `sys_room` VALUES (496, '盐亭县', '普通汇聚机房', '绵阳盐亭石牛基站综合机房', '在网', 83, '1517_盐亭石牛基站G-GSM900M基站（OLT节点、数据）');
INSERT INTO `sys_room` VALUES (497, '盐亭县', '普通汇聚机房', '绵阳盐亭双碑基站综合机房', '在网', 83, '1531_盐亭双碑基站G-GSM900M基站（OLT节点、数据）');
INSERT INTO `sys_room` VALUES (498, '盐亭县', '普通汇聚机房', '绵阳盐亭安家场镇综合机房', '在网', 81, '1586_盐亭安家场镇G-GSM900M基站（OLT节点、传输节点、数据）');
INSERT INTO `sys_room` VALUES (499, '盐亭县', '业务汇聚机房', '绵阳盐亭八角汇聚机房', '在网', 86, '0000_盐亭八角汇聚G-GSM900M基站');
INSERT INTO `sys_room` VALUES (500, '盐亭县', '普通汇聚机房', '绵阳盐亭新农基站综合机房', '在网', 84, '1801_盐亭新农基站G-GSM900M基站（OLT节点、数据）');
INSERT INTO `sys_room` VALUES (501, '盐亭县', '普通汇聚机房', '绵阳盐亭柏梓基站综合机房', '在网', 81, '1508_盐亭柏梓基站G-GSM900M基站(传输节点)');
INSERT INTO `sys_room` VALUES (502, '盐亭县', '重要汇聚机房', '绵阳盐亭移动大楼综合机房', '在网', 85, '盐亭移动大楼BASE节点机房');
INSERT INTO `sys_room` VALUES (503, '盐亭县', '普通汇聚机房', '绵阳盐亭玉龙基站综合机房', '在网', 80, '1514_盐亭玉龙基站G-GSM900M基站(OLT节点、传输节点、数据)');
INSERT INTO `sys_room` VALUES (504, '盐亭县', '业务汇聚机房', '绵阳盐亭玉龙三星综合机房', '在网', 86, '1810_盐亭玉龙三星G-GSM900M基站（OLT节点、数据）');
INSERT INTO `sys_room` VALUES (505, '盐亭县', '普通汇聚机房', '绵阳盐亭茶亭基站综合机房', '在网', 83, '1536_盐亭茶亭基站G-GSM900M基站（OLT节点、传输节点、数据）');
INSERT INTO `sys_room` VALUES (506, '盐亭县', '普通汇聚机房', '绵阳盐亭大兴基站综合机房', '在网', 84, '1818_盐亭大兴G-GSM900M基站（OLT节点）');
INSERT INTO `sys_room` VALUES (507, '盐亭县', '普通汇聚机房', '绵阳盐亭折弓政办综合机房', '在网', 87, '1316_盐亭折弓场镇G-GSM900M基站（OLT节点）');
INSERT INTO `sys_room` VALUES (508, '盐亭县', '普通汇聚机房', '绵阳盐亭冯河弥江综合机房', '在网', 82, '0454_盐亭冯和弥江G-GSM900M基站(OLT节点)');
INSERT INTO `sys_room` VALUES (509, '盐亭县', '重要汇聚机房', '绵阳盐亭服务区中继站综合机房', '在网', 85, '0000_盐亭服务区中继站节点');
INSERT INTO `sys_room` VALUES (510, '盐亭县', '普通汇聚机房', '绵阳盐亭金鸡福禄综合机房', '在网', 87, '1846_盐亭金鸡福禄G-GSM900M基站（OLT节点）');
INSERT INTO `sys_room` VALUES (511, '盐亭县', '普通汇聚机房', '绵阳盐亭金鸡基站综合机房', '在网', 87, '1512_盐亭金鸡基站G-GSM900M基站(OLT节点、传输节点、数据)');
INSERT INTO `sys_room` VALUES (512, '盐亭县', '普通汇聚机房', '绵阳盐亭富驿花林综合机房', '在网', 82, '1530_盐亭富驿花林G-GSM900M基站（OLT节点）');
INSERT INTO `sys_room` VALUES (513, '盐亭县', '普通汇聚机房', '绵阳盐亭富驿基站综合机房', '在网', 82, '1506_盐亭富驿基站G-GSM900M基站(专线、传输节点)');
INSERT INTO `sys_room` VALUES (514, '盐亭县', '普通汇聚机房', '绵阳盐亭金孔场镇综合机房', '在网', 87, '1557_盐亭金孔场镇G-GSM900M基站（OLT节点）');
INSERT INTO `sys_room` VALUES (515, '盐亭县', '业务汇聚机房', '绵阳盐亭金孔基站综合机房', '在网', 86, '1505_盐亭金孔基站G-GSM900M基站(OLT节点、传输节点、数据)');
INSERT INTO `sys_room` VALUES (516, '盐亭县', '普通汇聚机房', '绵阳盐亭进修校汇聚机房', '在网', 81, '绵阳盐亭进修校汇聚机房');
INSERT INTO `sys_room` VALUES (517, '盐亭县', '普通汇聚机房', '绵阳盐亭高灯基站综合机房', '在网', 80, '1507_盐亭高灯基站G-GSM900M基(数据、传输节点)');
INSERT INTO `sys_room` VALUES (518, '盐亭县', '业务汇聚机房', '绵阳盐亭巨龙金钟综合机房', '在网', 88, '1881_盐亭巨龙金钟G-GSM900M基站（OLT节点、数据）');
INSERT INTO `sys_room` VALUES (519, '盐亭县', '普通汇聚机房', '绵阳盐亭工业园区综合机房', '在网', 81, '1325_盐亭工业园区G-GSM900M基站（OLT节点）');
INSERT INTO `sys_room` VALUES (520, '盐亭县', '普通汇聚机房', '绵阳盐亭黑坪基站综合机房', '在网', 83, '1509_盐亭黑坪基站G-GSM900M基站（OLT节点、传输节点、数据）');
INSERT INTO `sys_room` VALUES (521, '盐亭县', '重要汇聚机房', '绵阳盐亭老建行站传输机房', '在网', 85, '0000_盐亭老建行节点G-GSM900M基站(传输节点)');
INSERT INTO `sys_room` VALUES (522, '盐亭县', '重要汇聚机房', '绵阳盐亭老建行站综合机房', '在网', 85, '1513_盐亭老建行站G-GSM900M D-DCS1800M基站(数据、OLT节点、传输节点)');
INSERT INTO `sys_room` VALUES (523, '盐亭县', '业务汇聚机房', '绵阳盐亭黄甸汇聚机房', '在网', 88, '绵阳盐亭黄甸汇聚机房(YA)');
INSERT INTO `sys_room` VALUES (524, '盐亭县', '普通汇聚机房', '绵阳盐亭莲花基站综合机房', '在网', 87, '1807_盐亭莲花基站G-GSM900M基站（OLT节点）');
INSERT INTO `sys_room` VALUES (525, '盐亭县', '普通汇聚机房', '绵阳盐亭粮贸大厦综合机房', '在网', 81, '1583_盐亭粮贸大厦G-GSM900M基站（OLT节点）');
INSERT INTO `sys_room` VALUES (526, '盐亭县', '业务汇聚机房', '绵阳盐亭两岔河站综合机房', '在网', 88, '954677_绵阳盐亭两岔河站TD-LTE基站');
INSERT INTO `sys_room` VALUES (527, '盐亭县', '普通汇聚机房', '绵阳盐亭黄甸基站综合机房', '在网', 84, '1511_盐亭黄甸基站G-GSM900M基站（OLT节点、传输节点、数据）');
INSERT INTO `sys_room` VALUES (528, '盐亭县', '普通汇聚机房', '绵阳盐亭黄甸净铭综合机房', '在网', 84, '375911_绵阳盐亭黄甸净铭TD-LTE基站（OLT节点）');
INSERT INTO `sys_room` VALUES (529, '盐亭县', '普通汇聚机房', '绵阳盐亭林农汇聚机房', '在网', 82, '0000_盐亭林农汇聚G-GSM900M基站');
INSERT INTO `sys_room` VALUES (530, '盐亭县', '业务汇聚机房', '绵阳盐亭三元汇聚机房', '在网', 88, '绵阳盐亭三元汇聚机房YA');
INSERT INTO `sys_room` VALUES (531, '盐亭县', '业务汇聚机房', '绵阳盐亭金安汇聚机房', '在网', 89, '绵阳盐亭金安汇聚机房(YA)');
INSERT INTO `sys_room` VALUES (532, '盐亭县', '业务汇聚机房', '绵阳盐亭章邦汇聚机房', '在网', 88, '绵阳盐亭章邦汇聚机房(YA)');
INSERT INTO `sys_room` VALUES (533, '盐亭县', '业务汇聚机房', '绵阳盐亭洗泽汇聚机房', '在网', 86, '绵阳盐亭洗泽汇聚机房(YA)');
INSERT INTO `sys_room` VALUES (534, '盐亭县', '业务汇聚机房', '绵阳盐亭避险广场绿地综合机房', '在网', 88, '绵阳盐亭避险广场绿地');
INSERT INTO `sys_room` VALUES (535, '盐亭县', '业务汇聚机房', '绵阳盐亭会真汇聚机房', '在网', 86, '绵阳盐亭会真汇聚机房(YA)');
INSERT INTO `sys_room` VALUES (536, '盐亭县', '业务汇聚机房', '绵阳盐亭金孔干线汇聚机房', '在网', 86, '绵阳盐亭金孔汇聚机房(YA)');
INSERT INTO `sys_room` VALUES (537, '盐亭县', '业务汇聚机房', '绵阳盐亭超级基站综合机房', '在网', 88, '1518_盐亭超级基站G-GSM900M基站(传输节点、数据)');
INSERT INTO `sys_room` VALUES (538, '盐亭县', '业务汇聚机房', '绵阳盐亭麟瑞汇聚机房', '在网', 89, '绵阳盐亭麟瑞汇聚机房');
INSERT INTO `sys_room` VALUES (539, '盐亭县', '业务汇聚机房', '绵阳盐亭榉溪汇聚机房', '在网', 86, '绵阳盐亭榉溪汇聚机房(YA)');
INSERT INTO `sys_room` VALUES (540, '盐亭县', '业务汇聚机房', '绵阳盐亭消卫汇聚机房', '在网', 88, '绵阳盐亭消防汇聚节点');
INSERT INTO `sys_room` VALUES (541, '盐亭县', '业务汇聚机房', '绵阳盐亭富驿汇聚机房', '在网', 89, '绵阳盐亭富驿5G汇聚基站(YA)');
INSERT INTO `sys_room` VALUES (542, '盐亭县', '业务汇聚机房', '绵阳盐亭柏梓汇聚机房', '在网', 89, '0000_盐亭柏梓汇聚G-GSM900M基站');
INSERT INTO `sys_room` VALUES (543, '盐亭县', '重要汇聚机房', '绵阳盐亭黑坪汇聚机房', '在网', 85, '绵阳盐亭黑坪汇聚机房(YA)');
INSERT INTO `sys_room` VALUES (544, '游仙区', '普通汇聚机房', '绵阳游仙侯家酒厂综合机房', '在网', 90, '4306_绵阳候家酒厂G-GSM900M基站');
INSERT INTO `sys_room` VALUES (545, '游仙区', '普通汇聚机房', '绵阳游仙技术学院综合机房', '在网', 91, '3244_绵阳技术学院G-GSM900M基站');
INSERT INTO `sys_room` VALUES (546, '游仙区', '普通汇聚机房', '绵阳游仙技院零二综合机房', '在网', 92, '3293_绵阳技院零二 TD-SCDMA基站');
INSERT INTO `sys_room` VALUES (547, '游仙区', '普通汇聚机房', '绵阳游仙科学七区综合机房', '在网', 91, '3284_绵阳科学七区G-GSM900M基站');
INSERT INTO `sys_room` VALUES (548, '游仙区', '普通汇聚机房', '绵阳游仙科学一中综合机房', '在网', 91, '3491_绵阳科学一中G-GSM900M基站');
INSERT INTO `sys_room` VALUES (549, '游仙区', '重要汇聚机房', '绵阳游仙魏城场镇综合机房', '在网', 93, '4012_绵阳魏城场镇G-GSM900M基站(传输节点)');
INSERT INTO `sys_room` VALUES (550, '游仙区', '重要汇聚机房', '绵阳游仙魏城基站综合机房', '在网', 94, '4003_绵阳魏城基站G-GSM900M基站(传输节点)');
INSERT INTO `sys_room` VALUES (551, '游仙区', '重要汇聚机房', '绵阳游仙科学镇站综合机房', '在网', 95, '绵阳游仙科学站5G基站');
INSERT INTO `sys_room` VALUES (552, '游仙区', '普通汇聚机房', '绵阳游仙刘家基站综合机房', '在网', 94, '4020_绵阳刘家基站G-GSM900M基站(传输节点)');
INSERT INTO `sys_room` VALUES (553, '游仙区', '普通汇聚机房', '绵阳游仙五八所站综合机房', '在网', 93, '3220_绵阳五八所站G-GSM900M D-DCS1800M基站');
INSERT INTO `sys_room` VALUES (554, '游仙区', '普通汇聚机房', '绵阳游仙五里梁站综合机房', '在网', 93, '000000_绵阳游仙五里梁站TD-LTE基站(节点)');
INSERT INTO `sys_room` VALUES (555, '游仙区', '普通汇聚机房', '绵阳游仙六里四组综合机房', '在网', 95, '2176_绵阳六里四组G-GSM900M基站');
INSERT INTO `sys_room` VALUES (556, '游仙区', '普通汇聚机房', '绵阳游仙西科城市综合机房', '在网', 91, '3125_绵阳西科城市G-GSM1800M基站（OLT节点）');
INSERT INTO `sys_room` VALUES (557, '游仙区', '普通汇聚机房', '绵阳游仙仙人路站综合机房', '在网', 95, '2733_绵阳仙人路站G-GSM900M基站（OLT节点）');
INSERT INTO `sys_room` VALUES (558, '游仙区', '普通汇聚机房', '绵阳游仙农行基站综合机房', '在网', 90, '3215_绵阳游仙农行G-GSM900M D-DCS1800M基站(数据、多拉远节点)');
INSERT INTO `sys_room` VALUES (559, '游仙区', '普通汇聚机房', '绵阳游仙欧家开中综合机房', '在网', 93, '2712_绵阳欧家开中G-GSM900M基站');
INSERT INTO `sys_room` VALUES (560, '游仙区', '普通汇聚机房', '绵阳游仙小岛花园综合机房', '在网', 91, '3228_绵阳小岛花园G-GSM900M基站');
INSERT INTO `sys_room` VALUES (561, '游仙区', '重要汇聚机房', '绵阳游仙上谷汇聚机房', '在网', 95, '000000_绵阳游仙上谷地站2TD-LTE基站(传输节点)');
INSERT INTO `sys_room` VALUES (562, '游仙区', '普通汇聚机房', '绵阳游仙师专基站综合机房', '在网', 91, '3218_绵阳师专基站G-GSM900M D-DCS1800M基(传输节点)');
INSERT INTO `sys_room` VALUES (563, '游仙区', '普通汇聚机房', '绵阳游仙师专零二综合机房', '在网', 91, '3242_绵阳师专零二G-GSM900M基站（多拉远节点）');
INSERT INTO `sys_room` VALUES (564, '游仙区', '普通汇聚机房', '绵阳游仙小枧中学综合机房', '在网', 94, '4048_绵阳小枧中学G-GSM900M基站（OLT节点）');
INSERT INTO `sys_room` VALUES (565, '游仙区', '普通汇聚机房', '绵阳游仙新二七局传输机房', '在网', 90, '0000_绵阳新二七局G-GSM900M基站(传输节点)');
INSERT INTO `sys_room` VALUES (566, '游仙区', '业务汇聚机房', '绵阳游仙石板观音综合机房', '在网', 96, '4640_绵阳石板观音G-GSM900M基站（OLT节点）');
INSERT INTO `sys_room` VALUES (567, '游仙区', '普通汇聚机房', '绵阳游仙石马零三综合机房', '在网', 93, '0000_绵阳游仙石马零三TD-LTE基站');
INSERT INTO `sys_room` VALUES (568, '游仙区', '普通汇聚机房', '绵阳游仙新桥零二综合机房', '在网', 94, '4076_绵阳新桥零二G-GSM900M基站');
INSERT INTO `sys_room` VALUES (569, '游仙区', '普通汇聚机房', '绵阳游仙新桥铜铃综合机房', '在网', 92, '1924_绵阳新桥铜铃G-GSM900M基站');
INSERT INTO `sys_room` VALUES (570, '游仙区', '业务汇聚机房', '绵阳游仙一心汇聚机房', '在网', 96, '绵阳游仙一心汇聚机房汇聚站(YA)');
INSERT INTO `sys_room` VALUES (571, '游仙区', '普通汇聚机房', '绵阳游仙英才小学综合机房', '在网', 95, '2711_绵阳英才小学G-GSM900M基站');
INSERT INTO `sys_room` VALUES (572, '游仙区', '普通汇聚机房', '绵阳游仙太平基站综合机房', '在网', 91, '4036_绵阳太平基站G-GSM900M基站（OLT节点）');
INSERT INTO `sys_room` VALUES (573, '游仙区', '普通汇聚机房', '绵阳游仙云凤汇聚机房', '在网', 90, '0000_绵阳云凤汇聚G-GSM900M基站(传输节点)');
INSERT INTO `sys_room` VALUES (574, '游仙区', '普通汇聚机房', '绵阳游仙沉抗基站综合机房', '在网', 90, '4011_绵阳沉抗基站G-GSM900M基站（OLT节点）');
INSERT INTO `sys_room` VALUES (575, '游仙区', '普通汇聚机房', '绵阳游仙云盖寺站综合机房', '在网', 93, '4308_绵阳云盖寺站G-GSM900M基站（OLT节点）');
INSERT INTO `sys_room` VALUES (576, '游仙区', '普通汇聚机房', '绵阳游仙忠兴场镇综合机房', '在网', 94, '4004_绵阳忠兴场镇G-GSM900M基站');
INSERT INTO `sys_room` VALUES (577, '游仙区', '业务汇聚机房', '绵阳游仙东林汇聚机房', '在网', 97, '0000_绵阳东林汇聚节点G-GSM900M基站(传输节点)');
INSERT INTO `sys_room` VALUES (578, '游仙区', '普通汇聚机房', '绵阳游仙东林基站综合机房', '在网', 92, '4609_绵阳东林基站G-GSM900M基站');
INSERT INTO `sys_room` VALUES (579, '游仙区', '普通汇聚机房', '绵阳游仙忠兴双建综合机房', '在网', 90, '4318_绵阳忠兴双建G-GSM900M基站(OLT节点)');
INSERT INTO `sys_room` VALUES (580, '游仙区', '普通汇聚机房', '绵阳游仙东宣汇聚机房', '在网', 94, '0000_绵阳东宣汇聚节点G-GSM900M基站(传输节点)');
INSERT INTO `sys_room` VALUES (581, '游仙区', '普通汇聚机房', '绵阳游仙东宣健康综合机房', '在网', 94, '4041_绵阳东宣健康G-GSM900M基站');
INSERT INTO `sys_room` VALUES (582, '游仙区', '普通汇聚机房', '绵阳游仙二零八厂综合机房', '在网', 95, '3027_绵阳二零八厂G-GSM900M D-DCS1800M基站');
INSERT INTO `sys_room` VALUES (583, '游仙区', '普通汇聚机房', '绵阳游仙梓绵红庙综合机房', '在网', 91, '4159_绵阳梓绵红庙G-GSM900M基站');
INSERT INTO `sys_room` VALUES (584, '游仙区', '普通汇聚机房', '绵阳游仙二七局站综合机房', '在网', 95, '3213_绵阳二七局站G-GSM900M D-DCS1800M基站(传输节点)');
INSERT INTO `sys_room` VALUES (585, '游仙区', '普通汇聚机房', '绵阳游仙枫叶绿洲综合机房', '在网', 95, '0000_绵阳游仙枫叶绿洲TD-LTE基站(传输节点)');
INSERT INTO `sys_room` VALUES (586, '游仙区', '普通汇聚机房', '绵阳游仙麒麟村站综合机房', '在网', 93, '4002_绵阳麒麟村站G-GSM900M基站');
INSERT INTO `sys_room` VALUES (587, '游仙区', '普通汇聚机房', '绵阳游仙凤凰钱库综合机房', '在网', 91, '4317_绵阳凤凰钱库G-GSM900M基站');
INSERT INTO `sys_room` VALUES (588, '游仙区', '普通汇聚机房', '绵阳游仙富乐市场综合机房', '在网', 94, '2720_绵阳富乐市场G-GSM900M基站');
INSERT INTO `sys_room` VALUES (589, '游仙区', '普通汇聚机房', '绵阳游仙建华基站综合机房', '在网', 94, '4028_绵阳建华基站G-GSM900M基站(传输节点)');
INSERT INTO `sys_room` VALUES (590, '游仙区', '普通汇聚机房', '绵阳游仙街子基站综合机房', '在网', 90, '4238_绵阳街子基站G-GSM900M基站（OLT节点）');
INSERT INTO `sys_room` VALUES (591, '游仙区', '普通汇聚机房', '绵阳游仙富乐小区综合机房', '在网', 90, '3216_绵阳富乐小区G-GSM900M基站(传输节点)');
INSERT INTO `sys_room` VALUES (592, '游仙区', '普通汇聚机房', '绵阳游仙工贸校站综合机房', '在网', 95, '4008_绵阳工贸校站G-GSM900M基站');
INSERT INTO `sys_room` VALUES (593, '游仙区', '普通汇聚机房', '绵阳游仙开元场站综合机房', '在网', 92, '3315_绵阳开元场站G-GSM900M基站（多拉远节点）');
INSERT INTO `sys_room` VALUES (594, '游仙区', '普通汇聚机房', '绵阳游仙开元中学综合机房', '在网', 94, '3038_绵阳开元中学G-GSM900M基站（多拉远节点）');
INSERT INTO `sys_room` VALUES (595, '游仙区', '普通汇聚机房', '绵阳游仙观太汇聚机房', '在网', 90, '0000_绵阳观太汇聚节点G-GSM900M基站(传输节点)');
INSERT INTO `sys_room` VALUES (596, '游仙区', '业务汇聚机房', '绵阳游仙海上海站综合机房', '在网', 97, '3219_绵阳游仙海上海综合机房G-GSM900M D-DCS1800M基站(传输节点)');
INSERT INTO `sys_room` VALUES (597, '游仙区', '普通汇聚机房', '绵阳游仙白蝉基站综合机房', '在网', 93, '4037_绵阳白蝉基站G-GSM900M基站（OLT节点）');
INSERT INTO `sys_room` VALUES (598, '游仙区', '普通汇聚机房', '绵阳游仙柏林基站综合机房', '在网', 95, '4031_绵阳柏林基站G-GSM900M基站（OLT节点）');
INSERT INTO `sys_room` VALUES (599, '游仙区', '重要汇聚机房', '绵阳游仙铂金公馆汇聚机房', '在网', 90, '绵阳游仙铂金公馆5G汇聚机房基站(YA)');
INSERT INTO `sys_room` VALUES (600, '游仙区', '普通汇聚机房', '绵阳游仙长明村站综合机房', '在网', 93, '4075_绵阳长明村站G-GSM900M基站（OLT节点）');
INSERT INTO `sys_room` VALUES (601, '游仙区', '普通汇聚机房', '绵阳游仙朝真基站综合机房', '在网', 93, '4054_绵阳朝真基站G-GSM900M基站（OLT节点）');
INSERT INTO `sys_room` VALUES (602, '游仙区', '业务汇聚机房', '绵阳游仙石板汇聚机房', '在网', 96, '绵阳游仙石板汇聚机房(YA)');
INSERT INTO `sys_room` VALUES (603, '游仙区', '业务汇聚机房', '绵阳游仙玉河汇聚机房', '在网', 96, '绵阳游仙玉河汇聚机房(YA)');
INSERT INTO `sys_room` VALUES (604, '游仙区', '业务汇聚机房', '绵阳游仙忠兴双龙汇聚机房', '在网', 96, '绵阳游仙忠兴双龙汇聚机房汇聚站(YA)');
INSERT INTO `sys_room` VALUES (605, '游仙区', '业务汇聚机房', '绵阳游仙东原香屿综合机房', '在网', 97, '537699_绵阳游仙东原香屿TD-LTE基站');
INSERT INTO `sys_room` VALUES (606, '游仙区', '业务汇聚机房', '绵阳游仙孔雀城汇聚机房', '在网', 97, '绵阳游仙区孔雀城汇聚机房汇聚站(YA)');
INSERT INTO `sys_room` VALUES (607, '游仙区', '业务汇聚机房', '绵阳游仙西路绿地综合机房', '在网', 97, '绵阳游仙西路绿地');
INSERT INTO `sys_room` VALUES (608, '游仙区', '业务汇聚机房', '绵阳游仙石马科莱汇聚机房', '在网', 97, '绵阳游仙石马科莱汇聚机房(YA)');
INSERT INTO `sys_room` VALUES (609, '游仙区', '业务汇聚机房', '绵阳游仙电视汇聚机房', '在网', 97, '绵阳游仙电视汇聚5G基站');
INSERT INTO `sys_room` VALUES (610, '游仙区', '业务汇聚机房', '绵阳游仙办公中心绿地综合机房', '在网', 96, '绵阳游仙政务中心绿地');
INSERT INTO `sys_room` VALUES (611, '游仙区', '业务汇聚机房', '绵阳游仙工贸机房综合机房', '在网', 96, '绵阳游仙工贸机房汇聚5G基站');
INSERT INTO `sys_room` VALUES (612, '梓潼县', '业务汇聚机房', '绵阳梓潼先锋迎村综合机房', '在网', 98, '1448_梓潼先锋迎村G-GSM900M基站（OLT、传输节点）');
INSERT INTO `sys_room` VALUES (613, '梓潼县', '普通汇聚机房', '绵阳梓潼仙鹅乡站综合机房', '在网', 98, '1426_梓潼仙鹅基站G-GSM900M基站（OLT节点）');
INSERT INTO `sys_room` VALUES (614, '梓潼县', '业务汇聚机房', '绵阳梓潼小垭基站综合机房', '在网', 98, '梓潼小垭基站传输汇聚');
INSERT INTO `sys_room` VALUES (615, '梓潼县', '普通汇聚机房', '绵阳梓潼许州基站综合机房', '在网', 99, '1403_梓潼许州基站G-GSM900M基站(OLT、传输节点)');
INSERT INTO `sys_room` VALUES (616, '梓潼县', '业务汇聚机房', '绵阳梓潼演武春光综合机房', '在网', 98, '1642_梓潼演武春光G-GSM900M基站（OLT节点）');
INSERT INTO `sys_room` VALUES (617, '梓潼县', '普通汇聚机房', '绵阳梓潼演武基站综合机房', '在网', 99, '1432_梓潼演武基站G-GSM900M基站（OLT、传输节点）');
INSERT INTO `sys_room` VALUES (618, '梓潼县', '重要汇聚机房', '绵阳梓潼移动公司综合机房', '在网', 100, '1422_梓潼移动公司G-GSM900M基站（OLT、数据、传输节点）');
INSERT INTO `sys_room` VALUES (619, '梓潼县', '普通汇聚机房', '绵阳梓潼云盘村站综合机房', '在网', 101, '1634_梓潼云盘村站G-GSM900M基站');
INSERT INTO `sys_room` VALUES (620, '梓潼县', '普通汇聚机房', '绵阳梓潼自强场镇综合机房', '在网', 101, '1459_梓潼自强场镇G-GSM900M 基站（OLT节点）');
INSERT INTO `sys_room` VALUES (621, '梓潼县', '普通汇聚机房', '绵阳梓潼自强基站综合机房', '在网', 102, '1410_梓潼自强基站G-GSM900M基站(传输节点)');
INSERT INTO `sys_room` VALUES (622, '梓潼县', '普通汇聚机房', '绵阳梓潼观义基站综合机房', '在网', 103, '1409_梓潼观义基站G-GSM900M基站(OLT、传输节点）');
INSERT INTO `sys_room` VALUES (623, '梓潼县', '业务汇聚机房', '绵阳梓潼河口基站综合机房', '在网', 101, '1467_梓潼河口基站G-GSM900M基站（OLT节点）');
INSERT INTO `sys_room` VALUES (624, '梓潼县', '普通汇聚机房', '绵阳梓潼建兴基站综合机房', '在网', 99, '1424_梓潼建兴基站G-GSM900M基站（OLT节点）');
INSERT INTO `sys_room` VALUES (625, '梓潼县', '普通汇聚机房', '绵阳梓潼交泰基站综合机房', '在网', 103, '1413_梓潼交泰基站G-GSM900M基站（OLT节点）');
INSERT INTO `sys_room` VALUES (626, '梓潼县', '普通汇聚机房', '绵阳梓潼金龙基站综合机房', '在网', 104, '1428_梓潼金龙基站G-GSM900M基站（OLT、传输节点）');
INSERT INTO `sys_room` VALUES (627, '梓潼县', '普通汇聚机房', '绵阳梓潼黎雅八一综合机房', '在网', 104, '1693_梓潼黎雅八一G-GSM900M基站（OLT节点）');
INSERT INTO `sys_room` VALUES (628, '梓潼县', '重要汇聚机房', '绵阳梓潼黎雅汇聚机房', '在网', 104, '0000_梓潼县黎雅汇聚G-GSM900M基站(传输、OLT节点)');
INSERT INTO `sys_room` VALUES (629, '梓潼县', '业务汇聚机房', '绵阳梓潼黎雅基站综合机房', '在网', 98, '1404_梓潼黎雅基站G-GSM900M基站（OLT、传输节点）');
INSERT INTO `sys_room` VALUES (630, '梓潼县', '重要汇聚机房', '绵阳梓潼玛瑙汇聚机房', '在网', 103, '0000_绵阳梓潼玛瑙汇聚TD-LTE基站');
INSERT INTO `sys_room` VALUES (631, '梓潼县', '普通汇聚机房', '绵阳梓潼玛瑙基站综合机房', '在网', 103, '1425_梓潼玛瑙基站G-GSM900M基站（OLT、传输节点）');
INSERT INTO `sys_room` VALUES (632, '梓潼县', '普通汇聚机房', '绵阳梓潼马鸣基站综合机房', '在网', 99, '1420_梓潼马鸣基站G-GSM900M基站（OLT、传输节点）');
INSERT INTO `sys_room` VALUES (633, '梓潼县', '普通汇聚机房', '绵阳梓潼马迎基站综合机房', '在网', 102, '1603_梓潼马迎基站G-GSM900M基站（OLT节点）');
INSERT INTO `sys_room` VALUES (634, '梓潼县', '普通汇聚机房', '绵阳梓潼弥江基站综合机房', '在网', 101, '1604_梓潼弥江基站G-GSM900M基站（OLT节点）');
INSERT INTO `sys_room` VALUES (635, '梓潼县', '普通汇聚机房', '绵阳梓潼南桥路口综合机房', '在网', 100, '1402_梓潼南桥路口G-GSM900M D-DCS1800M基站（OLT节点）');
INSERT INTO `sys_room` VALUES (636, '梓潼县', '普通汇聚机房', '绵阳梓潼盘龙基站综合机房', '在网', 102, '1616_梓潼盘龙基站G-GSM900M基站（OLT节点）');
INSERT INTO `sys_room` VALUES (637, '梓潼县', '普通汇聚机房', '绵阳梓潼仁和基站综合机房', '在网', 101, '1408_梓潼仁和基站G-GSM900M基站');
INSERT INTO `sys_room` VALUES (638, '梓潼县', '重要汇聚机房', '绵阳梓潼仁和零二综合机房', '在网', 102, '1481_梓潼仁和零二G-GSM900M基站（OLT、传输节点）');
INSERT INTO `sys_room` VALUES (639, '梓潼县', '普通汇聚机房', '绵阳梓潼白云基站综合机房', '在网', 104, '1469_梓潼白云基站G-GSM900M基站（OLT节点）');
INSERT INTO `sys_room` VALUES (640, '梓潼县', '普通汇聚机房', '绵阳梓潼三泉基站综合机房', '在网', 105, '1433_梓潼三泉基站G-GSM900M基站（OLT节点）');
INSERT INTO `sys_room` VALUES (641, '梓潼县', '普通汇聚机房', '绵阳梓潼上游汇聚机房', '在网', 101, '绵阳梓潼上游汇聚机房汇聚站(YA)');
INSERT INTO `sys_room` VALUES (642, '梓潼县', '普通汇聚机房', '绵阳梓潼石鸡村站综合机房', '在网', 98, '1629_梓潼石鸡村站G-GSM900M基站（OLT节点）');
INSERT INTO `sys_room` VALUES (643, '梓潼县', '普通汇聚机房', '绵阳梓潼石牛基站综合机房', '在网', 105, '1405_梓潼石牛基站G-GSM900M基站（OLT、传输节点）');
INSERT INTO `sys_room` VALUES (644, '梓潼县', '普通汇聚机房', '绵阳梓潼板桥汇聚机房', '在网', 105, '绵阳梓潼板桥汇聚机房汇聚站(YA)');
INSERT INTO `sys_room` VALUES (645, '梓潼县', '普通汇聚机房', '绵阳梓潼宝石基站综合机房', '在网', 102, '1407_梓潼宝石基站G-GSM900M基站');
INSERT INTO `sys_room` VALUES (646, '梓潼县', '普通汇聚机房', '绵阳梓潼长卿基站综合机房', '在网', 103, '1416_梓潼长卿基站G-GSM900M基站（OLT节点）');
INSERT INTO `sys_room` VALUES (647, '梓潼县', '普通汇聚机房', '绵阳梓潼曙光汇聚机房', '在网', 101, '绵阳梓潼曙光汇聚机房汇聚站(YA)');
INSERT INTO `sys_room` VALUES (648, '梓潼县', '重要汇聚机房', '绵阳梓潼城北基站综合机房', '在网', 100, '1401_梓潼城北基站G-GSM900M D-DCS1800M基站（OLT、数据、传输节点）');
INSERT INTO `sys_room` VALUES (649, '梓潼县', '普通汇聚机房', '绵阳梓潼城南基站综合机房', '在网', 99, '1427_梓潼城南基站G-GSM900M基站（OLT、传输节点）');
INSERT INTO `sys_room` VALUES (650, '梓潼县', '普通汇聚机房', '绵阳梓潼城中基站综合机房', '在网', 100, '1406_梓潼城中基站G-GSM900M D-DCS1800M基站（OLT节点）');
INSERT INTO `sys_room` VALUES (651, '梓潼县', '普通汇聚机房', '绵阳梓潼大庙山二综合机房', '在网', 105, '绵阳梓潼大庙山二综合机房');
INSERT INTO `sys_room` VALUES (652, '梓潼县', '普通汇聚机房', '绵阳梓潼大新基站综合机房', '在网', 101, '1419_梓潼大新基站G-GSM900M基站（OLT节点）');
INSERT INTO `sys_room` VALUES (653, '梓潼县', '普通汇聚机房', '绵阳梓潼定远基站综合机房', '在网', 101, '1423_梓潼定远基站G-GSM900M基站（OLT、传输节点）');
INSERT INTO `sys_room` VALUES (654, '梓潼县', '普通汇聚机房', '绵阳梓潼东操场站综合机房', '在网', 100, '1492_梓潼东操场站G-GSM900M基站（OLT节点）');
INSERT INTO `sys_room` VALUES (655, '梓潼县', '普通汇聚机房', '绵阳梓潼文兴基站综合机房', '在网', 102, '1415_梓潼文兴基站G-GSM900M基站（OLT节点）');
INSERT INTO `sys_room` VALUES (656, '梓潼县', '普通汇聚机房', '绵阳梓潼卧龙基站综合机房', '在网', 105, '1414_梓潼卧龙基站G-GSM900M基站(OLT、传输节点)');
INSERT INTO `sys_room` VALUES (657, '梓潼县', '普通汇聚机房', '绵阳梓潼五四基站综合机房', '在网', 98, '1619_梓潼五四基站G-GSM900M基站（OLT节点）');
INSERT INTO `sys_room` VALUES (658, '梓潼县', '业务汇聚机房', '绵阳梓潼双板基站综合机房', '在网', 98, '1418_梓潼双板基站G-GSM900M基站（OLT、传输节点）');
INSERT INTO `sys_room` VALUES (659, '梓潼县', '业务汇聚机房', '绵阳梓潼东辰绿地综合机房', '在网', 105, '绵阳梓潼东辰绿地');
INSERT INTO `sys_room` VALUES (660, '梓潼县', '重要汇聚机房', '绵阳梓潼城北汇聚机房', '在网', 100, '绵阳梓潼城北汇聚机房汇聚站(YA)');
INSERT INTO `sys_room` VALUES (661, '平武县', '其他', '绵阳平武新乾基站综合机房', '在网', 60, '5887_平武新乾基站G-GSM900M基站（传输节点）');
INSERT INTO `sys_room` VALUES (662, '平武县', '其他', '绵阳平武响岩基站综合机房', '在网', 60, '5809_平武响岩基站G-GSM900M基站');
INSERT INTO `sys_room` VALUES (663, '安县', '其他', '绵阳安州桑枣基站综合机房', '在网', 3, '5205_安县桑枣基站G-GSM900M基站(传输节点)');
INSERT INTO `sys_room` VALUES (664, '游仙区', '其他', '绵阳游仙太平芦桥综合机房', '在网', 93, '4322_绵阳太平芦桥G-GSM900M基站');
INSERT INTO `sys_room` VALUES (665, '梓潼县', '其他', '绵阳梓潼桂林村站综合机房', '在网', 102, '1610_梓潼桂林村站G-GSM900M基站');
INSERT INTO `sys_room` VALUES (666, '北川羌族自治县', '其他', '绵阳北川曲山魏家沟站综合机房', '在网', 14, '5731_北川魏家沟站G-GSM900M基站');
INSERT INTO `sys_room` VALUES (667, '北川羌族自治县', '其他', '绵阳北川白坭金凤村站综合机房', '在网', 14, '5607_北川金凤村站G-GSM900M基站（OLT、数据、传输节点）');
INSERT INTO `sys_room` VALUES (668, '涪城区', '其他', '绵阳涪城圣水寺站综合机房', '在网', 25, '3237_绵阳圣水寺站G-GSM900M D-DCS1800M基站');
INSERT INTO `sys_room` VALUES (669, '平武县', '其他', '绵阳平武三溪沟站综合机房', '在网', 60, '5415_平武三溪沟站G-GSM900M基站');
INSERT INTO `sys_room` VALUES (670, '江油市', '其他', '绵阳江油佛爷洞站综合机房', '在网', 40, '6251_江油佛爷洞站G-GSM900M基站');
INSERT INTO `sys_room` VALUES (671, '北川羌族自治县', '其他', '绵阳北川马槽苦山村站综合机房', '在网', 14, '5604_北川马槽村站G-GSM900M基站');
INSERT INTO `sys_room` VALUES (672, '涪城区', '其他', '绵阳涪城楼房村站综合机房', '在网', 25, '0000_绵阳涪城楼房村TD-SCDMA基站');
INSERT INTO `sys_room` VALUES (673, '游仙区', '其他', '绵阳游仙科学基站综合机房', '在网', 93, '绵阳游仙科学基站综合机房');
INSERT INTO `sys_room` VALUES (674, '北川羌族自治县', '其他', '绵阳北川通口基站综合机房', '在网', 14, '5602_北川通口基站G-GSM900M基站（OLT、数据、传输节点）');
INSERT INTO `sys_room` VALUES (675, '江油市', '其他', '绵阳江油窦团山站综合机房', '在网', 40, '6239_江油窦团山站G-GSM900M基站');
INSERT INTO `sys_room` VALUES (676, '江油市', '其他', '绵阳江油让水基站综合机房', '在网', 40, '6270_江油让水基站G-GSM900M基站');
INSERT INTO `sys_room` VALUES (677, '江油市', '其他', '绵阳江油马角资源综合机房', '在网', 40, '6258_江油马角矿山G-GSM900M基站');
INSERT INTO `sys_room` VALUES (678, '北川羌族自治县', '其他', '绵阳北川小坝桑柏村站综合机房', '在网', 14, '5637_北川小坝桑柏G-GSM900M基站');
INSERT INTO `sys_room` VALUES (679, '梓潼县', '其他', '绵阳梓潼桐麻基站综合机房', '在网', 102, '1620_梓潼桐麻基站G-GSM900M基站');
INSERT INTO `sys_room` VALUES (680, '梓潼县', '其他', '绵阳梓潼团结基站综合机房', '在网', 102, '1618_梓潼团结基站G-GSM900M基站');
INSERT INTO `sys_room` VALUES (681, '安县', '其他', '绵阳安州桑枣红牌综合机房', '在网', 3, '5279_安县桑枣红牌G-GSM900M基站');
INSERT INTO `sys_room` VALUES (682, '游仙区', '其他', '绵阳游仙凤凰木龙综合机房', '在网', 93, '4304_绵阳凤凰木龙G-GSM900M基站');
INSERT INTO `sys_room` VALUES (683, '高新区', '其他', '绵阳高新方向机厂综合机房', '在网', 30, '0000_绵阳方向机厂TD-LTE基站');
INSERT INTO `sys_room` VALUES (684, '三台县', '其他', '绵阳三台北坝北塔综合机房', '在网', 76, '2395_三台北坝北塔G-GSM900M基站');
INSERT INTO `sys_room` VALUES (685, '游仙区', '其他', '绵阳游仙东宣基站综合机房', '在网', 93, '4051_绵阳东宣基站G-GSM900M基站');
INSERT INTO `sys_room` VALUES (686, '平武县', '其他', '绵阳平武南坝当家沟站综合机房', '在网', 60, '5465_平武党家沟村G-GSM900M基站');
INSERT INTO `sys_room` VALUES (687, '北川羌族自治县', '其他', '绵阳北川开坪永安村站综合机房', '在网', 14, '5614_北川开坪基站G-GSM900M基站');
INSERT INTO `sys_room` VALUES (688, '北川羌族自治县', '其他', '绵阳北川擂鼓河道村站综合机房', '在网', 14, '5668_北川河道村站G-GSM900M基站');
INSERT INTO `sys_room` VALUES (689, '涪城区', '其他', '绵阳涪城经开医院综合机房', '在网', 25, '3553_绵阳经开医院G-GSM900M基站');
INSERT INTO `sys_room` VALUES (690, '游仙区', '其他', '绵阳游仙响水村站综合机房', '在网', 93, '4328_绵阳徐家响水G-GSM900M基站');
INSERT INTO `sys_room` VALUES (691, '梓潼县', '其他', '绵阳梓潼灵珠基站综合机房', '在网', 102, '1696_梓潼灵珠村站G-GSM900M基站');
INSERT INTO `sys_room` VALUES (692, '盐亭县', '其他', '绵阳盐亭职中基站综合机房', '在网', 81, '1593_盐亭职中基站G-GSM900M基站（数据节点）');
INSERT INTO `sys_room` VALUES (693, '游仙区', '其他', '绵阳游仙魏家桥站综合机房', '在网', 93, '4016_绵阳魏家桥站G-GSM900M基站');
INSERT INTO `sys_room` VALUES (694, '北川羌族自治县', '其他', '绵阳北川安昌金龟村站综合机房', '在网', 14, '5727_北川安昌金龟G-GSM900M基站');
INSERT INTO `sys_room` VALUES (695, '北川羌族自治县', '其他', '绵阳北川安昌建国村委会站综合机房', '在网', 14, '5717_北川安昌建国G-GSM900M基站');
INSERT INTO `sys_room` VALUES (696, '盐亭县', '其他', '绵阳盐亭五龙零二综合机房', '在网', 81, '1562_盐亭五龙二龙G-GSM900M基站');
INSERT INTO `sys_room` VALUES (697, '平武县', '其他', '绵阳平武砚石村站综合机房', '在网', 60, '5888_平武砚石村站G-GSM900M基站');
INSERT INTO `sys_room` VALUES (698, '游仙区', '其他', '绵阳游仙柏林柏桃综合机房', '在网', 93, '4319_绵阳柏林柏桃G-GSM900M基站');
INSERT INTO `sys_room` VALUES (699, '盐亭县', '其他', '绵阳盐亭两岔丰收综合机房', '在网', 81, '1880_盐亭两岔丰收G-GSM900M基站');
INSERT INTO `sys_room` VALUES (700, '盐亭县', '其他', '绵阳盐亭昆仑山站综合机房', '在网', 81, '1549_盐亭昆仑山站G-GSM900M基站');
INSERT INTO `sys_room` VALUES (701, '平武县', '其他', '绵阳平武南坝灵光庙站综合机房', '在网', 60, '5864_平武灵光庙站G-GSM900M基站');
INSERT INTO `sys_room` VALUES (702, '平武县', '其他', '绵阳平武办公中心综合机房', '在网', 60, '5911_平武超级基站G-GSM900M基站（传输节点）');
INSERT INTO `sys_room` VALUES (703, '游仙区', '其他', '绵阳游仙魏城玉珠综合机房', '在网', 93, '4013_绵阳魏城玉珠G-GSM900M基站');
INSERT INTO `sys_room` VALUES (704, '游仙区', '其他', '绵阳游仙柏林明水综合机房', '在网', 93, '4023_绵阳柏林明水G-GSM900M基站');
INSERT INTO `sys_room` VALUES (705, '游仙区', '其他', '绵阳游仙柏林孟津综合机房', '在网', 93, '4024_绵阳柏林孟津G-GSM900M基站');
INSERT INTO `sys_room` VALUES (706, '涪城区', '其他', '绵阳涪城青义零二综合机房', '在网', 25, '3390_绵阳青义零二TD-SCDMA基站');
INSERT INTO `sys_room` VALUES (707, '游仙区', '其他', '绵阳游仙科学九区综合机房', '在网', 93, '3247_绵阳科学九区G-GSM900M基站');
INSERT INTO `sys_room` VALUES (708, '北川羌族自治县', '其他', '绵阳北川艾林二组村委综合机房', '在网', 14, '绵阳北川艾林二组村委综合机房（OLT节点）');
INSERT INTO `sys_room` VALUES (709, '安县', '其他', '绵阳安州兴仁汇聚机房', '在网', 3, '5622_安县兴仁汇聚G-GSM900M基站(汇聚节点)');
INSERT INTO `sys_room` VALUES (710, '北川羌族自治县', '其他', '绵阳北川移动公司五楼综合机房', '在网', 14, '5750_北川移动五楼G-GSM900M基站');
INSERT INTO `sys_room` VALUES (711, '涪城区', '其他', '绵阳涪城金家林汇聚机房', '在网', 25, '绵阳涪城金家林汇聚机房(YA)');
INSERT INTO `sys_room` VALUES (712, '平武县', '其他', '绵阳平武豆叩汇聚机房', '在网', 60, '绵阳平武豆叩汇聚机房(YA)');
INSERT INTO `sys_room` VALUES (713, '游仙区', '其他', '绵阳游仙德政汇聚机房', '在网', 93, '绵阳游仙德政汇聚机房汇聚站(YA)');
INSERT INTO `sys_room` VALUES (714, '高新区', '其他', '绵阳高新河边场镇汇聚机房', '在网', 30, '绵阳高新河边场镇汇聚机房');
INSERT INTO `sys_room` VALUES (715, '游仙区', '其他', '绵阳游仙仙海网格汇聚机房', '在网', 93, '绵阳游仙游仙仙海汇聚(YA)');
INSERT INTO `sys_room` VALUES (716, '高新区', '其他', '绵阳高新汽车园区汇聚机房', '在网', 30, '绵阳高新汽车园区汇聚资源点(YA)');
INSERT INTO `sys_room` VALUES (717, '涪城区', '其他', '绵阳涪城高水路站综合机房', '在网', 25, '3399_绵阳高水路口TD-SCDMA基站');
INSERT INTO `sys_room` VALUES (718, '涪城区', '其他', '绵阳涪城塘汛居民综合机房', '在网', 25, '4727_绵阳塘汛居民G-GSM900M基站');
INSERT INTO `sys_room` VALUES (719, '涪城区', '其他', '绵阳涪城旭红光电综合机房', '在网', 25, '537258_绵阳涪城旭红光电TD-LTE基站');
INSERT INTO `sys_room` VALUES (720, '游仙区', '其他', '绵阳游仙交通局站综合机房', '在网', 93, '3260_绵阳游仙交通局G-GSM900M基站');
INSERT INTO `sys_room` VALUES (721, '游仙区', '其他', '绵阳游仙东林飞凤综合机房', '在网', 93, '4721_绵阳东林飞凤G-GSM900M基站');
INSERT INTO `sys_room` VALUES (722, '三台县', '其他', '绵阳三台芦溪零永安后综合机房', '在网', 76, '2404_绵阳三台芦溪零永安后G-GSM900M基站');
INSERT INTO `sys_room` VALUES (723, '平武县', '其他', '绵阳平武桥头场镇综合机房', '在网', 60, '968520_绵阳平武桥头场镇TD-LTE基站');
INSERT INTO `sys_room` VALUES (724, '高新区', '其他', '绵阳高新南山食堂综合机房', '在网', 30, '0000_绵阳直属南山食堂TD-LTE基站');
INSERT INTO `sys_room` VALUES (725, '江油市', '其他', '绵阳江油气象局二综合机房', '在网', 40, '000000_绵阳江油气象局二TD-LTE基站');
INSERT INTO `sys_room` VALUES (726, '北川羌族自治县', '其他', '绵阳北川陈家坝金鼓村站综合机房', '在网', 14, '56841_北川金鼓村站G-GSM900M基站');
INSERT INTO `sys_room` VALUES (727, '北川羌族自治县', '其他', '绵阳北川禹里登高村站综合机房', '在网', 14, '5706_北川禹里基站G-GSM900M基站');
INSERT INTO `sys_room` VALUES (728, '北川羌族自治县', '其他', '绵阳北川通口通泉村站综合机房', '在网', 14, '5666_北川通口通泉G-GSM900M基站');
INSERT INTO `sys_room` VALUES (729, '北川羌族自治县', '其他', '绵阳北川擂鼓许家村站综合机房', '在网', 14, '5949_北川擂鼓许家G-GSM900M基站');
INSERT INTO `sys_room` VALUES (730, '北川羌族自治县', '其他', '绵阳北川青片大火地基站综合机房', '在网', 14, '5622_北川大火地站G-GSM900M基站');
INSERT INTO `sys_room` VALUES (731, '平武县', '其他', '绵阳平武古城水田田龙村站综合机房', '在网', 60, '0000_绵阳平武水田零一TD-LTE基站');
INSERT INTO `sys_room` VALUES (732, '平武县', '其他', '绵阳平武水晶节点综合机房', '在网', 60, '5481_平武水晶节点TD-SCDMA基站(传输节点）');
INSERT INTO `sys_room` VALUES (733, '三台县', '其他', '绵阳三台潼川环城佳联综合机房', '在网', 76, '绵阳三台环城路一节点基站');
INSERT INTO `sys_room` VALUES (734, '江油市', '其他', '绵阳江油青莲新荣综合机房', '在网', 40, '6414_江油青莲新荣G-GSM900M基站');
INSERT INTO `sys_room` VALUES (735, '北川羌族自治县', '其他', '绵阳北川禹里粮站综合机房', '在网', 14, '0000_绵阳北川禹里传输G-GSM900M基站(传输、数据、OLT节点)');
INSERT INTO `sys_room` VALUES (736, '游仙区', '其他', '绵阳游仙阳光职教综合机房', '在网', 93, '535126_绵阳阳光职教TD-LTE基站');
INSERT INTO `sys_room` VALUES (737, '高新区', '其他', '绵阳高新南山双语外综合机房', '在网', 30, '535477_绵阳南山双语外TD-LTE基站');
INSERT INTO `sys_room` VALUES (738, '游仙区', '其他', '绵阳游仙奋飞电子综合机房', '在网', 93, '537354_绵阳奋飞电子TD-LTE基站');
INSERT INTO `sys_room` VALUES (739, '涪城区', '其他', '绵阳涪城十二中站综合机房', '在网', 25, '537295_绵阳十二中学TD-LTE基站');
INSERT INTO `sys_room` VALUES (740, '北川羌族自治县', '其他', '绵阳北川安昌开茂村站综合机房', '在网', 14, '5948_北川安昌开茂G-GSM900M基站');
INSERT INTO `sys_room` VALUES (741, '安县', '其他', '绵阳安州雎水纸厂综合机房', '在网', 3, '5105_安县雎水纸厂G-GSM900M基站');
INSERT INTO `sys_room` VALUES (742, '涪城区', '其他', '绵阳涪城戈家庙站综合机房', '在网', 25, '0000_绵阳戈家庙站G-GSM900M基站');
INSERT INTO `sys_room` VALUES (743, '北川羌族自治县', '其他', '绵阳北川永安卓兴资源综合机房', '在网', 14, '5693_北川卓兴矿业G-GSM900M基站');
INSERT INTO `sys_room` VALUES (744, '北川羌族自治县', '其他', '绵阳北川桂溪桥头基站综合机房', '在网', 14, '5946_北川桂溪零二G-GSM900M基站');
INSERT INTO `sys_room` VALUES (745, '涪城区', '其他', '绵阳涪城龙门传输传输机房', '在网', 25, '000000_绵阳龙门传输TD-LTE基站(传输节点、OLT节点)');
INSERT INTO `sys_room` VALUES (746, '涪城区', '其他', '绵阳涪城西科大传输综合机房', '在网', 25, '0000_绵阳西科大传输G-GSM900M基站(传输、OLT节点)');
INSERT INTO `sys_room` VALUES (747, '涪城区', '其他', '绵阳涪城南中科技综合机房', '在网', 25, '954937_绵阳涪城南中科技TD-LTE基站');
INSERT INTO `sys_room` VALUES (748, '涪城区', '其他', '绵阳涪城华尔街站综合机房', '在网', 25, '0000_绵阳直属华尔街站TD-LTE基站');
INSERT INTO `sys_room` VALUES (749, '游仙区', '其他', '绵阳游仙香榭一期综合机房', '在网', 93, '0000_绵阳香榭一期G-GSM900M基站');
INSERT INTO `sys_room` VALUES (750, '涪城区', '其他', '绵阳涪城青义卫院综合机房', '在网', 25, '1129_绵阳青义卫院G-GSM900M基站');
INSERT INTO `sys_room` VALUES (751, '三台县', '其他', '绵阳三台石包堰站综合机房', '在网', 76, '绵阳三台石包堰站综合机房');
INSERT INTO `sys_room` VALUES (752, '安县', '其他', '绵阳安州纸厂基站综合机房', '在网', 3, '1121_安县纸厂基站TD-SCDMA基站');
INSERT INTO `sys_room` VALUES (753, '安县', '其他', '绵阳安州茶坪东益综合机房', '在网', 3, '5508_安县茶坪东益G-GSM900M基站');
INSERT INTO `sys_room` VALUES (754, '盐亭县', '其他', '绵阳盐亭高灯阳春综合机房', '在网', 81, '1829_盐亭高灯阳春G-GSM900M基站（OLT节点）');
INSERT INTO `sys_room` VALUES (755, '平武县', '其他', '绵阳平武沙坝子站综合机房', '在网', 60, '5830_平武沙坝子站G-GSM900M基站');
INSERT INTO `sys_room` VALUES (756, '安县', '其他', '绵阳安州雎水汇聚机房', '在网', 3, '0000_绵阳安县雎水汇聚TD-LTE基站（传输节点）');
INSERT INTO `sys_room` VALUES (757, '北川羌族自治县', '其他', '绵阳北川泛美汇聚机房', '在网', 14, '绵阳北川泛美汇聚机房');
INSERT INTO `sys_room` VALUES (758, '高新区', '其他', '绵阳高新双碑大桥汇聚机房', '在网', 30, '绵阳高新双碑大桥汇聚机房');
INSERT INTO `sys_room` VALUES (759, '盐亭县', '其他', '绵阳盐亭和平汇聚机房', '在网', 81, '绵阳盐亭和平场镇汇聚机房汇聚站(YA)');
INSERT INTO `sys_room` VALUES (760, '盐亭县', '其他', '绵阳盐亭高灯汇聚机房', '在网', 81, '绵阳盐亭高灯汇聚机房汇聚站(YA)');
INSERT INTO `sys_room` VALUES (761, '盐亭县', '其他', '绵阳盐亭冯河汇聚综合机房', '在网', 81, '绵阳盐亭冯河汇聚机房汇聚站(YA)');
INSERT INTO `sys_room` VALUES (762, '平武县', '其他', '绵阳平武白草汇聚机房', '在网', 60, '绵阳平武白草汇聚机房汇聚站(YA)');
INSERT INTO `sys_room` VALUES (763, '三台县', '其他', '绵阳三台芦溪营销中心汇聚机房', '在网', 76, '绵阳三台芦溪零五汇聚机房(YA)');
INSERT INTO `sys_room` VALUES (764, '三台县', '其他', '绵阳三台富顺汇聚综合机房', '在网', 76, '0000_三台富顺汇聚G-GSM900M基站（OLT、传输节点）');
INSERT INTO `sys_room` VALUES (765, '盐亭县', '其他', '绵阳盐亭龙滩场镇汇聚机房', '在网', 81, '绵阳盐亭龙滩场镇汇聚机房汇聚站(YA)');
INSERT INTO `sys_room` VALUES (766, '平武县', '其他', '绵阳平武黑水汇聚机房', '在网', 60, '绵阳平武黑水汇聚机房');
INSERT INTO `sys_room` VALUES (767, '平武县', '其他', '绵阳平武代坝汇聚机房', '在网', 60, '绵阳平武代坝汇聚机房汇聚站(YA)');
INSERT INTO `sys_room` VALUES (768, '盐亭县', '其他', '绵阳盐亭花林汇聚机房', '在网', 81, '绵阳盐亭花林汇聚机房');
INSERT INTO `sys_room` VALUES (769, '盐亭县', '其他', '绵阳盐亭七宝汇聚机房', '在网', 81, '绵阳盐亭七宝汇聚机房汇聚站(YA)');
INSERT INTO `sys_room` VALUES (770, '盐亭县', '其他', '绵阳盐亭龙泉汇聚机房', '在网', 81, '绵阳盐亭龙泉汇聚机房汇聚站(YA)');
INSERT INTO `sys_room` VALUES (771, '盐亭县', '其他', '绵阳盐亭净铭汇聚机房', '在网', 81, '绵阳盐亭净铭汇聚机房汇聚站(YA)');
INSERT INTO `sys_room` VALUES (772, '涪城区', '其他', '绵阳涪城临园顺河公寓综合机房', '在网', 25, '4204_绵阳涪城临园顺河公寓综合机房(传输节点)');
INSERT INTO `sys_room` VALUES (773, '三台县', '其他', '绵阳三台皂角城站汇聚机房', '在网', 76, '绵阳三台皂角城汇聚基站(YA)');
INSERT INTO `sys_room` VALUES (774, '梓潼县', '其他', '绵阳梓潼仙峰汇聚机房', '在网', 102, '绵阳梓潼仙峰汇聚机房汇聚站(YA)');
INSERT INTO `sys_room` VALUES (775, '游仙区', '其他', '绵阳游仙小枧汇聚机房', '在网', 93, '绵阳游仙小枧汇聚机房(YA)');
INSERT INTO `sys_room` VALUES (776, '安县', '其他', '绵阳安州黄土喇叭汇聚机房', '在网', 3, '绵阳安州黄土喇叭汇聚机房汇聚站(YA)');
INSERT INTO `sys_room` VALUES (777, '江油市', '其他', '绵阳江油大康汇聚机房', '在网', 40, '绵阳江油大康汇聚机房');
INSERT INTO `sys_room` VALUES (778, '安县', '其他', '绵阳安州塔水红捻汇聚机房', '在网', 3, '绵阳安州塔水红捻汇聚机房汇聚站(YA)');
INSERT INTO `sys_room` VALUES (779, '安县', '其他', '绵阳安州乐兴基站汇聚机房', '在网', 3, '绵阳安州乐兴汇聚机房(YA)');
INSERT INTO `sys_room` VALUES (780, '三台县', '其他', '绵阳三台黎曙汇聚机房', '在网', 76, '绵阳三台黎曙汇聚机房(YA)');
INSERT INTO `sys_room` VALUES (781, '游仙区', '其他', '绵阳游仙新桥零二汇聚机房', '在网', 93, '绵阳游仙新桥汇聚机房(YA)');
INSERT INTO `sys_room` VALUES (782, '盐亭县', '其他', '绵阳盐亭毛公汇聚机房', '在网', 81, '绵阳盐亭毛公汇聚机房(YA)');
INSERT INTO `sys_room` VALUES (783, '涪城区', '其他', '绵阳涪城丰谷场镇汇聚机房', '在网', 25, '绵阳涪城区丰谷场镇5GCRAN机房');
INSERT INTO `sys_room` VALUES (784, '梓潼县', '其他', '绵阳梓潼仁和零二汇聚机房', '在网', 102, '0000_梓潼县仁和零二汇聚G-GSM900M基站(传输、OLT节点)');
INSERT INTO `sys_room` VALUES (785, '涪城区', '其他', '绵阳涪城警钟方舱综合机房', '在网', 25, '0000_绵阳涪城警钟方舱TD-LTE基站');
INSERT INTO `sys_room` VALUES (786, '高新区', '其他', '绵阳高新河边机房综合机房', '在网', 30, '绵阳高新河边机房5G基站(YA)');
INSERT INTO `sys_room` VALUES (787, '高新区', '其他', '绵阳高新英郦别墅绿地综合机房', '在网', 30, '绵阳高新英黎别墅绿地');
INSERT INTO `sys_room` VALUES (788, '涪城区', '其他', '绵阳涪城绵吴路站综合机房', '在网', 25, '4451_绵阳绵吴路站TD-SCDMA基站');
INSERT INTO `sys_room` VALUES (789, '高新区', '其他', '绵阳高新长虹酒店综合机房', '在网', 30, '3882_绵阳长虹酒店TD-SCDMA基站');
INSERT INTO `sys_room` VALUES (790, '三台县', '其他', '绵阳三台紫金名门综合机房', '在网', 76, '000000_三台紫锦名门汇聚TD-LTE基站(传输、OLT节点)');
INSERT INTO `sys_room` VALUES (791, '涪城区', '其他', '绵阳涪城体运村站汇聚机房', '在网', 25, '绵阳涪城无委会汇聚机房5G基站');
INSERT INTO `sys_room` VALUES (792, '江油市', '其他', '绵阳江油重兴佛泉综合机房', '在网', 40, '0000_绵阳江油重兴佛泉TD-LTE基站');
INSERT INTO `sys_room` VALUES (793, '游仙区', '其他', '绵阳游仙南城绿地综合机房', '在网', 93, '绵阳游仙南城绿地');
INSERT INTO `sys_room` VALUES (794, '游仙区', '其他', '绵阳游仙试验绿地综合机房', '在网', 93, '绵阳游仙试验区站绿地');
INSERT INTO `sys_room` VALUES (795, '涪城区', '其他', '绵阳涪城金峰汇聚机房', '在网', 25, '绵阳涪城金峰汇聚机房');
INSERT INTO `sys_room` VALUES (796, '三台县', '其他', '绵阳三台大成建材综合机房', '在网', 76, '954664_绵阳三台大成建材TD-LTE基站');
INSERT INTO `sys_room` VALUES (797, '涪城区', '其他', '绵阳涪城龙溪四社综合机房', '在网', 25, '537247_绵阳涪城龙溪四社TD-LTE基站');
INSERT INTO `sys_room` VALUES (798, '高新区', '其他', '绵阳高新玉泉北街绿地综合机房', '在网', 30, '绵阳高新法院绿地');
INSERT INTO `sys_room` VALUES (799, '安县', '其他', '绵阳安州高川新桥综合机房', '在网', 3, '5295_安县高川新桥G-GSM900M基站');
INSERT INTO `sys_room` VALUES (800, '梓潼县', '其他', '绵阳梓潼天生基站综合机房', '在网', 102, '1464_梓潼天生基站G-GSM900M基站');
INSERT INTO `sys_room` VALUES (801, '平武县', '其他', '绵阳平武响岩鹤亭村站综合机房', '在网', 60, '5891_平武大水村站G-GSM900M基站');
INSERT INTO `sys_room` VALUES (802, '江油市', '其他', '绵阳江油新川匡站综合机房', '在网', 40, '6413_江油新川矿站G-GSM900M基站');
INSERT INTO `sys_room` VALUES (803, '盐亭县', '其他', '绵阳盐亭进步村站综合机房', '在网', 81, '1857_盐亭进步村站G-GSM900M基站');
INSERT INTO `sys_room` VALUES (804, '三台县', '其他', '绵阳三台菊河望君村站综合机房', '在网', 76, '1774_三台望君村站G-GSM900M基站');
INSERT INTO `sys_room` VALUES (805, '北川羌族自治县', '其他', '绵阳北川漩坪桐麻村站综合机房', '在网', 14, '5655_北川桐麻村站G-GSM900M基站');
INSERT INTO `sys_room` VALUES (806, '安县', '其他', '绵阳安州五福村站综合机房', '在网', 3, '5589_安县五福村站G-GSM900M基站');
INSERT INTO `sys_room` VALUES (807, '梓潼县', '其他', '绵阳梓潼上游村站综合机房', '在网', 102, '1628_梓潼上游村站G-GSM900M基站');
INSERT INTO `sys_room` VALUES (808, '北川羌族自治县', '其他', '绵阳北川白泥构枝村站综合机房', '在网', 14, '5739_北川白泥基站G-GSM900M基站');
INSERT INTO `sys_room` VALUES (809, '安县', '其他', '绵阳安州长沟基站综合机房', '在网', 3, '5300_安县长沟基站G-GSM900M基站');
INSERT INTO `sys_room` VALUES (810, '安县', '其他', '绵阳安州晓坝齐心综合机房', '在网', 3, '5571_安县晓坝齐心G-GSM900M基站');
INSERT INTO `sys_room` VALUES (811, '梓潼县', '其他', '绵阳梓潼光明村站综合机房', '在网', 102, '1637_梓潼光明村站G-GSM900M基站（OLT节点）');
INSERT INTO `sys_room` VALUES (812, '平武县', '其他', '绵阳平武古城基站综合机房', '在网', 60, '5802_平武古城基站G-GSM900M基站(传输节点)');
INSERT INTO `sys_room` VALUES (813, '安县', '其他', '绵阳安州茶坪德胜综合机房', '在网', 3, '5298_安县茶坪德胜G-GSM900M基站');
INSERT INTO `sys_room` VALUES (814, '游仙区', '其他', '绵阳游仙玉河基站综合机房', '在网', 93, '4049_绵阳玉河基站G-GSM900M基站(传输节点)');
INSERT INTO `sys_room` VALUES (815, '北川羌族自治县', '其他', '绵阳北川桂溪云兴村站综合机房', '在网', 14, '5704_北川桂溪基站G-GSM900M基站');
INSERT INTO `sys_room` VALUES (816, '盐亭县', '其他', '绵阳盐亭六零二台综合机房', '在网', 81, '1515_盐亭六零二台G-GSM900M基站');
INSERT INTO `sys_room` VALUES (817, '平武县', '其他', '绵阳平武响岩青峰黄家院站综合机房', '在网', 60, '5408_平武青峰村站G-GSM900M基站(OLT节点)');
INSERT INTO `sys_room` VALUES (818, '游仙区', '其他', '绵阳游仙新桥基站综合机房', '在网', 93, '4007_绵阳新桥基站G-GSM900M基站(传输节点)');
INSERT INTO `sys_room` VALUES (819, '平武县', '其他', '绵阳平武楠木园站综合机房', '在网', 60, '5844_平武楠木园站G-GSM900M基站');
INSERT INTO `sys_room` VALUES (820, '江油市', '其他', '绵阳江油太白公园综合机房', '在网', 40, '6232_江油太白公园G-GSM900M基站');
INSERT INTO `sys_room` VALUES (821, '安县', '其他', '绵阳安州塔水基站综合机房', '在网', 3, '5204_安县塔水基站G-GSM900M基站');

-- ----------------------------
-- Table structure for sys_station
-- ----------------------------
DROP TABLE IF EXISTS `sys_station`;
CREATE TABLE `sys_station`  (
  `id` int(11) NOT NULL AUTO_INCREMENT,
  `stationArea` varchar(255) CHARACTER SET utf8 COLLATE utf8_general_ci NULL DEFAULT NULL,
  `stationType` varchar(255) CHARACTER SET utf8 COLLATE utf8_general_ci NULL DEFAULT NULL,
  `stationId` int(11) NOT NULL,
  `stationName` varchar(255) CHARACTER SET utf8 COLLATE utf8_general_ci NOT NULL,
  `equipmentId` int(11) NOT NULL,
  `name` varchar(255) CHARACTER SET utf8 COLLATE utf8_general_ci NULL DEFAULT NULL,
  `controlId` int(11) NOT NULL,
  PRIMARY KEY (`id`) USING BTREE
) ENGINE = InnoDB AUTO_INCREMENT = 183 CHARACTER SET = utf8 COLLATE = utf8_general_ci ROW_FORMAT = Dynamic;

-- ----------------------------
-- Records of sys_station
-- ----------------------------
INSERT INTO `sys_station` VALUES (1, '三台县', '传输节点', 290005915, '0000_三台新西四楼G-GSM900M基站（OLT、传输节点）', 290300804, '智能门禁', 510000340);
INSERT INTO `sys_station` VALUES (2, '三台县', '传输节点', 290010752, '绵阳三台郪江汇聚机房汇聚站(YA)', 290286783, '智能门禁', 93101000);
INSERT INTO `sys_station` VALUES (3, '三台县', '传输节点', 290010753, '绵阳三台青杠汇聚机房汇聚站(YA)', 290277576, '智能门禁', 93101000);
INSERT INTO `sys_station` VALUES (4, '三台县', '传输节点', 290010757, '绵阳三台高堰汇聚机房汇聚站(YA)', 290289901, '智能门禁', 93101000);
INSERT INTO `sys_station` VALUES (5, '三台县', '传输节点', 290005928, '2301_三台新西街站G-GSM900M D-DCS1800M基站（数据、传输节点）', 290300841, '智能门禁', 510000340);
INSERT INTO `sys_station` VALUES (6, '三台县', '传输节点', 290011320, '绵阳三台争胜汇聚机房汇聚站(YA)', 290289836, '智能门禁', 93101000);
INSERT INTO `sys_station` VALUES (7, '三台县', '传输节点', 290010758, '绵阳三台黎明汇聚机房汇聚站(YA)', 290263492, '智能门禁', 93101000);
INSERT INTO `sys_station` VALUES (8, '三台县', '传输节点', 290010759, '绵阳三台忠孝汇聚机房汇聚站(YA)', 290274235, '智能门禁', 93101000);
INSERT INTO `sys_station` VALUES (9, '三台县', '传输节点', 290010760, '绵阳三台广利汇聚机房汇聚站(YA)', 290263513, '智能门禁', 93101000);
INSERT INTO `sys_station` VALUES (10, '三台县', '传输节点', 290010761, '绵阳三台龙树汇聚机房汇聚站(YA)', 290267190, '智能门禁', 93101000);
INSERT INTO `sys_station` VALUES (11, '三台县', '传输节点', 290010246, '绵阳三台塔山高速汇聚机房(YA)', 290229585, '智能门禁', 93101000);
INSERT INTO `sys_station` VALUES (12, '三台县', '传输节点', 290010846, '绵阳三台禾加汇聚机房汇聚站(YA)', 290263577, '智能门禁', 93101000);
INSERT INTO `sys_station` VALUES (13, '三台县', '传输节点', 290010847, '绵阳三台金玉汇聚机房汇聚站(YA)', 290263646, '智能门禁', 93101000);
INSERT INTO `sys_station` VALUES (14, '三台县', '传输节点', 290010848, '绵阳三台石桥汇聚机房汇聚站(YA)', 290263593, '智能门禁', 93101000);
INSERT INTO `sys_station` VALUES (15, '三台县', '传输节点', 290004726, '2325_三台花园基站G-GSM900M基站（OLT、传输节点）', 290237713, '智能门禁1', 93101000);
INSERT INTO `sys_station` VALUES (16, '三台县', '传输节点', 290010850, '绵阳三台群益汇聚机房汇聚站(YA)', 290263544, '智能门禁', 93101000);
INSERT INTO `sys_station` VALUES (17, '三台县', '传输节点', 290010849, '绵阳三台建林汇聚机房汇聚站(YA)', 290263561, '智能门禁', 93101000);
INSERT INTO `sys_station` VALUES (18, '三台县', '传输节点', 290010852, '绵阳三台茂隆汇聚机房汇聚站(YA)', 290263624, '智能门禁', 93101000);
INSERT INTO `sys_station` VALUES (19, '三台县', '传输节点', 290010922, '绵阳三台四平汇聚机房汇聚站(YA)', 290266028, '智能门禁', 93101000);
INSERT INTO `sys_station` VALUES (20, '三台县', '传输节点', 290010921, '绵阳三台刘家汇聚机房汇聚站(YA)', 290266045, '智能门禁', 93101000);
INSERT INTO `sys_station` VALUES (21, '三台县', '传输节点', 290010920, '绵阳三台石亭汇聚机房汇聚站(YA)', 290266062, '智能门禁', 93101000);
INSERT INTO `sys_station` VALUES (22, '三台县', '传输节点', 290011319, '绵阳三台鲁班汇聚机房汇聚站(YA)', 290289852, '智能门禁', 93101000);
INSERT INTO `sys_station` VALUES (23, '三台县', '传输节点', 290011135, '绵阳三台乐安汇聚机房汇聚站(YA)', 290283109, '智能门禁', 93101000);
INSERT INTO `sys_station` VALUES (24, '三台县', '传输节点', 290009970, '绵阳三台新西街站5G基站', 290300798, '智能门禁', 510003520);
INSERT INTO `sys_station` VALUES (25, '三台县', '传输节点', 290006804, '2378_绵阳三台北坝移动G-GSM900M D-DCS1800M基站（OLT、数据、传输节点）', 290300791, '智能门禁', 510000340);
INSERT INTO `sys_station` VALUES (26, '三台县', '传输节点', 290010851, '绵阳三台双胜汇聚机房汇聚站(YA)', 290263657, '智能门禁', 93101000);
INSERT INTO `sys_station` VALUES (27, '三台县', '传输节点', 290010229, '绵阳三台中太汇聚机房(YA)', 290227961, '智能门禁', 93101000);
INSERT INTO `sys_station` VALUES (28, '三台县', '传输节点', 290010885, '绵阳三台永明汇聚机房汇聚站(YA)', 290266099, '智能门禁', 93101000);
INSERT INTO `sys_station` VALUES (29, '三台县', '传输节点', 290010884, '绵阳三台紫河汇聚机房汇聚站(YA)', 290266115, '智能门禁', 93101000);
INSERT INTO `sys_station` VALUES (30, '三台县', '传输节点', 290010854, '绵阳三台金鼓汇聚机房汇聚站(YA)', 290263607, '智能门禁', 93101000);
INSERT INTO `sys_station` VALUES (31, '三台县', '传输节点', 290010853, '绵阳三台菊河汇聚机房汇聚站(YA)', 290263839, '智能门禁', 93101000);
INSERT INTO `sys_station` VALUES (32, '三台县', '传输节点', 290010886, '绵阳三台太林汇聚机房汇聚站(YA)', 290266085, '智能门禁', 93101000);
INSERT INTO `sys_station` VALUES (33, '三台县', '传输节点', 290010255, '绵阳三台富顺汇聚机房(YA)', 290229619, '智能门禁', 93101000);
INSERT INTO `sys_station` VALUES (34, '北川羌族自治县', '传输节点', 290006252, '5702_北川擂鼓基站G-GSM900M基站（传输、数据、OLT节点）', 290301658, '智能门禁', 510000340);
INSERT INTO `sys_station` VALUES (35, '北川羌族自治县', '传输节点', 290010971, '绵阳北川墩上汇聚机房(YA)', 290271540, '智能门禁', 93101000);
INSERT INTO `sys_station` VALUES (36, '北川羌族自治县', '传输节点', 290006240, '5201_北川电信局站G-GSM900M基站（传输、数据、OLT节点）', 290301656, '智能门禁', 510000340);
INSERT INTO `sys_station` VALUES (37, '北川羌族自治县', '传输节点', 290006246, '0000_北川安昌电信汇聚TD-LTE基站(传输、数据、OLT节点)', 290301654, '智能门禁', 510000340);
INSERT INTO `sys_station` VALUES (38, '北川羌族自治县', '传输节点', 290011329, '绵阳北川白什汇聚机房汇聚站(YA)', 290290200, '智能门禁', 93101000);
INSERT INTO `sys_station` VALUES (39, '北川羌族自治县', '传输节点', 290010859, '绵阳北川永安元门汇聚机房(YA)', 290263818, '智能门禁', 93101000);
INSERT INTO `sys_station` VALUES (40, '北川羌族自治县', '传输节点', 290010910, '绵阳北川都贯汇聚机房汇聚站(YA)', 290265996, '智能门禁', 93101000);
INSERT INTO `sys_station` VALUES (41, '北川羌族自治县', '传输节点', 290010911, '绵阳北川九皇汇聚机房汇聚站(YA)', 290265984, '智能门禁', 93101000);
INSERT INTO `sys_station` VALUES (42, '北川羌族自治县', '传输节点', 290010291, '绵阳北川禹里汇聚机房(YA)', 290230196, '智能门禁', 93101000);
INSERT INTO `sys_station` VALUES (43, '北川羌族自治县', '传输节点', 290004451, '5750_北川移动四楼G-GSM900M基站（OLT、数据、传输节点）', 290301935, '智能门禁', 510000340);
INSERT INTO `sys_station` VALUES (44, '安县', '传输节点', 290010252, '绵阳安州乐兴汇聚机房(YA)', 290229489, '智能门禁', 93101000);
INSERT INTO `sys_station` VALUES (45, '安县', '传输节点', 290010913, '绵阳安州桑枣黄羊汇聚机房汇聚站(YA)', 290265950, '智能门禁', 93101000);
INSERT INTO `sys_station` VALUES (46, '安县', '传输节点', 290010912, '绵阳安州千佛场镇汇聚机房汇聚站(YA)', 290265967, '智能门禁', 93101000);
INSERT INTO `sys_station` VALUES (47, '安县', '传输节点', 290011017, '绵阳安州塔水红捻汇聚机房汇聚站(YA)', 290275321, '智能门禁', 93101000);
INSERT INTO `sys_station` VALUES (48, '安县', '传输节点', 290009090, '绵阳安州银都宝座绿地', 290176332, '智能门禁', 93101000);
INSERT INTO `sys_station` VALUES (49, '安县', '传输节点', 290009092, '绵阳安州友谊桥头绿地', 290203698, '智能门禁', 93101000);
INSERT INTO `sys_station` VALUES (50, '安县', '传输节点', 290009093, '绵阳安州社保局站绿地', 290191185, '智能门禁', 93101000);
INSERT INTO `sys_station` VALUES (51, '安县', '传输节点', 290010192, '绵阳安州移动汇聚机房', 290301642, '智能门禁', 510000340);
INSERT INTO `sys_station` VALUES (52, '安县', '传输节点', 290010795, '绵阳安州秀水青松汇聚机房汇聚站(YA)', 290260417, '智能门禁', 93101000);
INSERT INTO `sys_station` VALUES (53, '安县', '传输节点', 290010765, '绵阳安州桑枣大竹汇聚机房(YA)', 290263208, '智能门禁', 93101000);
INSERT INTO `sys_station` VALUES (54, '安县', '传输节点', 290010751, '绵阳安州黄土喇叭汇聚机房汇聚站(YA)', 290259668, '智能门禁', 93101000);
INSERT INTO `sys_station` VALUES (55, '安县', '传输节点', 290010508, '绵阳安州塔水汇聚机房(YA)', 290248233, '智能门禁', 93101000);
INSERT INTO `sys_station` VALUES (56, '安县', '传输节点', 290010249, '绵阳安州河清汇聚机房(YA)', 290230231, '智能门禁', 93101000);
INSERT INTO `sys_station` VALUES (57, '安县', '传输节点', 290010251, '绵阳安州秀水汇聚机房(YA)', 290229521, '智能门禁', 93101000);
INSERT INTO `sys_station` VALUES (58, '安县', '传输节点', 290009096, '绵阳安州沙汀绿地', 290176310, '智能门禁（后门）', 93101000);
INSERT INTO `sys_station` VALUES (59, '安县', '传输节点', 290004080, '0000_安县世纪阳光G-GSM900M基站(汇聚节点)', 290301660, '智能门禁', 510000340);
INSERT INTO `sys_station` VALUES (60, '安县', '传输节点', 290004088, '535128_绵阳安县桑枣局房TD-LTE基站(数据节点)', 290301666, '智能门禁', 510000340);
INSERT INTO `sys_station` VALUES (61, '安县', '传输节点', 290004096, '5311_安县塔水局房G-GSM900M基站(数据节点)', 290301664, '智能门禁', 510000340);
INSERT INTO `sys_station` VALUES (62, '安县', '传输节点', 290004099, '5281_安县花街车站G-GSM900M基站(数据节点)', 290301668, '智能门禁', 510000340);
INSERT INTO `sys_station` VALUES (63, '安县', '传输节点', 290004122, '5102_安县花街节点(移动公司五楼)G-GSM900M基站(传输节点)', 290301605, '智能门禁', 510000340);
INSERT INTO `sys_station` VALUES (64, '安县', '传输节点', 290004107, '5228_安县迎新基站G-GSM900M基站（OLT节点）', 290301662, '智能门禁', 510000340);
INSERT INTO `sys_station` VALUES (65, '平武县', '传输节点', 290006131, '5843_平武龙安东桥头站-GSM900M基站（OLT节点）', 290302024, '智能门禁', 510000340);
INSERT INTO `sys_station` VALUES (66, '平武县', '传输节点', 290004704, '5920_平武响岩场镇G-GSM900M基站(传输、数据节点）', 290302014, '智能门禁', 510000340);
INSERT INTO `sys_station` VALUES (67, '平武县', '传输节点', 290005982, '000000_平武移动大楼局房传输机房（传输、数据、OLT节点）', 290302028, '智能门禁', 510000340);
INSERT INTO `sys_station` VALUES (68, '平武县', '传输节点', 290005981, '0000_平武豆叩场镇汇聚TD-LTE基站', 290302018, '智能门禁', 510000340);
INSERT INTO `sys_station` VALUES (69, '平武县', '传输节点', 290011397, '绵阳平武豆叩汇聚机房(YA)', 290295042, '智能门禁', 93101000);
INSERT INTO `sys_station` VALUES (70, '平武县', '传输节点', 290010762, '绵阳平武代坝汇聚机房汇聚站(YA)', 290263419, '智能门禁', 93101000);
INSERT INTO `sys_station` VALUES (71, '平武县', '传输节点', 290010763, '绵阳平武白草汇聚机房汇聚站(YA)', 290263435, '智能门禁', 93101000);
INSERT INTO `sys_station` VALUES (72, '平武县', '传输节点', 290009372, '绵阳平武移动枢纽综合机房（OLT节点）', 290302026, '智能门禁', 510003520);
INSERT INTO `sys_station` VALUES (73, '平武县', '传输节点', 290010314, '绵阳平武徐塘汇聚机房(YA)', 290232234, '智能门禁', 93101000);
INSERT INTO `sys_station` VALUES (74, '平武县', '传输节点', 290004682, '5807_平武豆叩基站G-GSM900M基站(传输节点）', 290302020, '智能门禁', 510000340);
INSERT INTO `sys_station` VALUES (75, '平武县', '传输节点', 290004713, '5804_平武龙安城湾巷站 G-GSM900M基站(数据波分、传输节点)', 290302022, '智能门禁', 510000340);
INSERT INTO `sys_station` VALUES (76, '平武县', '传输节点', 290004714, '5805_平武县城基站G-GSM900M基站(传输、数据、OLT节点）', 290302030, '智能门禁', 510003520);
INSERT INTO `sys_station` VALUES (77, '梓潼县', '传输节点', 290010842, '绵阳梓潼天宝汇聚机房汇聚站(YA)', 290263792, '智能门禁', 93101000);
INSERT INTO `sys_station` VALUES (78, '梓潼县', '传输节点', 290010917, '绵阳梓潼自强汇聚机房汇聚站(YA)', 290285992, '智能门禁', 93101000);
INSERT INTO `sys_station` VALUES (79, '梓潼县', '传输节点', 290011402, '绵阳梓潼城北汇聚机房汇聚站(YA)', 290295765, '智能门禁', 93101000);
INSERT INTO `sys_station` VALUES (80, '梓潼县', '传输节点', 290005351, '0000_梓潼县黎雅汇聚G-GSM900M基站(传输、OLT节点)', 290302470, '智能门禁', 510000340);
INSERT INTO `sys_station` VALUES (81, '梓潼县', '传输节点', 290010843, '绵阳梓潼宏仁汇聚机房汇聚站(YA)', 290263706, '智能门禁', 93101000);
INSERT INTO `sys_station` VALUES (82, '梓潼县', '传输节点', 290004751, '1422_梓潼移动公司G-GSM900M基站（OLT、数据、传输节点）', 290302478, '智能门禁', 510003520);
INSERT INTO `sys_station` VALUES (83, '梓潼县', '传输节点', 290005275, '1481_梓潼仁和零二G-GSM900M基站（OLT、传输节点）', 290302466, '智能门禁', 510000340);
INSERT INTO `sys_station` VALUES (84, '梓潼县', '传输节点', 290010845, '绵阳梓潼石台汇聚机房汇聚站(YA)', 290263743, '智能门禁', 93101000);
INSERT INTO `sys_station` VALUES (85, '梓潼县', '传输节点', 290004733, '1402_梓潼南桥路口G-GSM900M D-DCS1800M基站（OLT节点）', 290302459, '智能门禁', 510000340);
INSERT INTO `sys_station` VALUES (86, '梓潼县', '传输节点', 290005315, '1401_梓潼城北基站G-GSM900M D-DCS1800M基站（OLT、数据、传输节点）', 290302474, '智能门禁', 510000340);
INSERT INTO `sys_station` VALUES (87, '梓潼县', '传输节点', 290010844, '绵阳梓潼上游汇聚机房汇聚站(YA)', 290263722, '智能门禁', 93101000);
INSERT INTO `sys_station` VALUES (88, '梓潼县', '传输节点', 290010415, '0000_绵阳梓潼玛瑙汇聚TD-LTE基站', 290302468, '智能门禁', 510003520);
INSERT INTO `sys_station` VALUES (89, '梓潼县', '传输节点', 290005289, '1406_梓潼城中基站G-GSM900M D-DCS1800M基站（OLT节点）', 290302464, '智能门禁', 510000340);
INSERT INTO `sys_station` VALUES (90, '梓潼县', '传输节点', 290010914, '绵阳梓潼二洞汇聚机房汇聚站(YA)', 290266271, '智能门禁', 93101000);
INSERT INTO `sys_station` VALUES (91, '梓潼县', '传输节点', 290009038, '绵阳梓潼东辰绿地', 290176354, '智能门禁', 93101000);
INSERT INTO `sys_station` VALUES (92, '梓潼县', '传输节点', 290010915, '绵阳梓潼曙光汇聚机房汇聚站(YA)', 290266237, '智能门禁', 93101000);
INSERT INTO `sys_station` VALUES (93, '梓潼县', '传输节点', 290010916, '绵阳梓潼板桥汇聚机房汇聚站(YA)', 290266254, '智能门禁', 93101000);
INSERT INTO `sys_station` VALUES (94, '梓潼县', '传输节点', 290010840, '绵阳梓潼仙峰汇聚机房汇聚站(YA)', 290263776, '智能门禁', 93101000);
INSERT INTO `sys_station` VALUES (95, '梓潼县', '传输节点', 290010841, '绵阳梓潼交泰汇聚机房汇聚站(YA)', 290263760, '智能门禁', 93101000);
INSERT INTO `sys_station` VALUES (96, '江油市', '传输节点', 290006146, '6219_江油新安基站G-GSM900M基站(OLT、数据、传输节点)', 290302443, '智能门禁', 510000340);
INSERT INTO `sys_station` VALUES (97, '江油市', '传输节点', 290010687, '绵阳江油武都汇聚机房(YA)', 290253532, '智能门禁', 93101000);
INSERT INTO `sys_station` VALUES (98, '江油市', '传输节点', 290004662, '6205_江油农机局站G-GSM900M基站（OLT节点）', 290302718, '智能门禁', 93101000);
INSERT INTO `sys_station` VALUES (99, '江油市', '传输节点', 290010857, '绵阳江油新春汇聚机房汇聚站(YA)', 290263374, '智能门禁', 93101000);
INSERT INTO `sys_station` VALUES (100, '江油市', '传输节点', 290010858, '绵阳江油东安汇聚机房汇聚站(YA)', 290263337, '智能门禁', 93101000);
INSERT INTO `sys_station` VALUES (101, '江油市', '传输节点', 290010764, '绵阳江油八一汇聚机房汇聚站(YA)', 290263391, '智能门禁', 93101000);
INSERT INTO `sys_station` VALUES (102, '江油市', '传输节点', 290010856, '绵阳江油厚坝汇聚机房汇聚站(YA)', 290263358, '智能门禁', 93101000);
INSERT INTO `sys_station` VALUES (103, '江油市', '传输节点', 290009053, '绵阳江油三合绿地', 290176379, '智能门禁', 93101000);
INSERT INTO `sys_station` VALUES (104, '江油市', '传输节点', 290010855, '绵阳江油石岭汇聚机房汇聚站(YA)', 290263221, '智能门禁', 93101000);
INSERT INTO `sys_station` VALUES (105, '江油市', '传输节点', 290006187, '6174_江油金外滩节点G-GSM900M基站(传输、数据、OLT节点)', 290302447, '智能门禁', 510003520);
INSERT INTO `sys_station` VALUES (106, '江油市', '传输节点', 290006147, '6215_江油含增基站G-GSM900M基站（OLT、数据、传输节点）', 290302441, '智能门禁', 510000340);
INSERT INTO `sys_station` VALUES (107, '江油市', '传输节点', 290011299, '绵阳江油金外滩新汇聚机房(YA)', 290288723, '后门智能门禁', 93101000);
INSERT INTO `sys_station` VALUES (108, '江油市', '传输节点', 290011015, '绵阳江油新兴汇聚机房汇聚站(YA)', 290275433, '智能门禁', 93101000);
INSERT INTO `sys_station` VALUES (109, '江油市', '传输节点', 290011014, '绵阳江油新桥汇聚机房汇聚站(YA)', 290275409, '智能门禁', 93101000);
INSERT INTO `sys_station` VALUES (110, '江油市', '传输节点', 290004607, '6234_江油邮政五楼G-GSM900M D-DCS1800M基站（OLT、数据、传输节点）', 290302449, '智能门禁', 510000340);
INSERT INTO `sys_station` VALUES (111, '江油市', '传输节点', 290010038, '绵阳江油昌明西街绿地', 290220442, '智能门禁', 93101000);
INSERT INTO `sys_station` VALUES (112, '江油市', '传输节点', 290006603, '6234_江油邮政六楼G-GSM900M基站', 290302457, '智能门禁', 510000340);
INSERT INTO `sys_station` VALUES (113, '江油市', '传输节点', 290010972, '绵阳江油双河汇聚机房汇聚站(YA)', 290271512, '智能门禁', 93101000);
INSERT INTO `sys_station` VALUES (114, '江油市', '传输节点', 290004698, '000000_绵阳江油雍景苑站TD-LTE基站(传输、OLT节点）', 290302913, '智能门禁', 93101000);
INSERT INTO `sys_station` VALUES (115, '江油市', '传输节点', 290006154, '6117_江油开发区二G-GSM900M基站（OLT节点）', 290302439, '智能门禁', 510000340);
INSERT INTO `sys_station` VALUES (116, '江油市', '传输节点', 290006160, '6201_江油东大街站G-GSM900M D-DCS1800M基站（OLT、传输节点）', 290302433, '智能门禁', 510003520);
INSERT INTO `sys_station` VALUES (117, '江油市', '传输节点', 290006189, '0000_江油小溪二干G-GSM900M基站(传输节点)', 290302453, '智能门禁', 510000340);
INSERT INTO `sys_station` VALUES (118, '涪城区', '传输节点', 290006581, '0000_涪城塘汛支局汇聚TD-LTE基站（传输节点、OLT）', 290300785, '智能门禁', 510000340);
INSERT INTO `sys_station` VALUES (119, '涪城区', '传输节点', 290010254, '绵阳涪城吴家汇聚机房(YA)', 290229579, '智能门禁', 93101000);
INSERT INTO `sys_station` VALUES (120, '涪城区', '传输节点', 290009072, '绵阳涪城圣菲绿地', 290164061, '智能门禁', 93101000);
INSERT INTO `sys_station` VALUES (121, '涪城区', '传输节点', 290009073, '绵阳涪城经管绿地', 290180388, '智能门禁', 93101000);
INSERT INTO `sys_station` VALUES (122, '涪城区', '传输节点', 290009074, '绵阳涪城南区花园绿地', 290176759, '智能门禁', 93101000);
INSERT INTO `sys_station` VALUES (123, '涪城区', '传输节点', 290009075, '绵阳涪城航管绿地', 290163603, '智能门禁', 93101000);
INSERT INTO `sys_station` VALUES (124, '涪城区', '传输节点', 290009076, '绵阳涪城南湖红星绿地', 290176736, '智能门禁', 93101000);
INSERT INTO `sys_station` VALUES (125, '涪城区', '传输节点', 290009077, '绵阳涪城长虹石油绿地', 290205641, '智能门禁', 93101000);
INSERT INTO `sys_station` VALUES (126, '涪城区', '传输节点', 290009078, '绵阳涪城代家立交绿地', 290176071, '智能门禁', 93101000);
INSERT INTO `sys_station` VALUES (127, '涪城区', '传输节点', 290009079, '绵阳涪城平政立交绿地', 290176708, '智能门禁', 93101000);
INSERT INTO `sys_station` VALUES (128, '涪城区', '传输节点', 290009080, '绵阳涪城铁牛美团绿地', 290176803, '智能门禁', 93101000);
INSERT INTO `sys_station` VALUES (129, '涪城区', '传输节点', 290008949, '绵阳涪城南鑫绿地', 290156042, '智能门禁', 93101000);
INSERT INTO `sys_station` VALUES (130, '涪城区', '传输节点', 290004593, '3298_绵阳圣水六队G-GSM900M基站（OLT节点）', 290300588, '智能门禁', 93101000);
INSERT INTO `sys_station` VALUES (131, '涪城区', '传输节点', 290009627, '绵阳涪城丁家绿地', 290204059, '智能门禁（前门）', 93101000);
INSERT INTO `sys_station` VALUES (132, '涪城区', '传输节点', 290009969, '绵阳涪城无委会汇聚机房5G基站', 290301619, '智能门禁', 93101000);
INSERT INTO `sys_station` VALUES (133, '涪城区', '传输节点', 290004587, '3257_绵阳西山粮站G-GSM900M基站（OLT节点）', 290300583, '智能门禁', 93101000);
INSERT INTO `sys_station` VALUES (134, '涪城区', '传输节点', 290004565, '4601_绵阳青义基站G-GSM900M基站(传输节点、OLT、数据)', 290300603, '智能门禁', 93101000);
INSERT INTO `sys_station` VALUES (135, '涪城区', '传输节点', 290004586, '3002_绵阳老大楼站G-GSM900M基站(传输节点、OLT、数据)', 290076347, '绵阳老大楼智能门禁（ES2100）', 510100100);
INSERT INTO `sys_station` VALUES (136, '涪城区', '传输节点', 290006594, '3357_绵阳直属传输汇聚机房(传输节点、OLT、数据)', 290300783, '智能门禁', 510000340);
INSERT INTO `sys_station` VALUES (137, '涪城区', '传输节点', 290009400, '绵阳涪城西科逸夫5G基站', 290300601, '智能门禁', 93101000);
INSERT INTO `sys_station` VALUES (138, '游仙区', '传输节点', 290011334, '绵阳游仙石马科莱汇聚机房(YA)', 290290397, '智能门禁', 93101000);
INSERT INTO `sys_station` VALUES (139, '游仙区', '传输节点', 290010927, '绵阳游仙一心汇聚机房汇聚站(YA)', 290266163, '智能门禁', 93101000);
INSERT INTO `sys_station` VALUES (140, '游仙区', '传输节点', 290009043, '绵阳游仙西路绿地', 290176047, '智能门禁', 93101000);
INSERT INTO `sys_station` VALUES (141, '游仙区', '传输节点', 290009041, '绵阳游仙试验区站绿地', 290181576, '前门智能门禁', 93101000);
INSERT INTO `sys_station` VALUES (142, '游仙区', '传输节点', 290009040, '绵阳游仙政务中心绿地', 290164045, '后门智能门禁', 93101000);
INSERT INTO `sys_station` VALUES (143, '游仙区', '传输节点', 290009039, '绵阳游仙南城绿地', 290180460, '智能门禁', 93101000);
INSERT INTO `sys_station` VALUES (144, '游仙区', '传输节点', 290010925, '绵阳游仙凤凰汇聚机房汇聚站(YA)', 290266198, '智能门禁', 93101000);
INSERT INTO `sys_station` VALUES (145, '游仙区', '传输节点', 290004707, '000000_绵阳六里铁通TD-LTE基站(传输节点)', 290300779, '智能门禁', 510000340);
INSERT INTO `sys_station` VALUES (146, '游仙区', '传输节点', 290010992, '绵阳游仙区孔雀城汇聚机房汇聚站(YA)', 290271635, '智能门禁', 93101000);
INSERT INTO `sys_station` VALUES (147, '游仙区', '传输节点', 290010248, '绵阳游仙石板汇聚机房(YA)', 290229719, '智能门禁', 93101000);
INSERT INTO `sys_station` VALUES (148, '游仙区', '传输节点', 290010250, '绵阳游仙新桥汇聚机房(YA)', 290229773, '智能门禁', 93101000);
INSERT INTO `sys_station` VALUES (149, '游仙区', '传输节点', 290010970, '绵阳游仙小枧汇聚机房(YA)', 290271471, '智能门禁', 93101000);
INSERT INTO `sys_station` VALUES (150, '游仙区', '传输节点', 290010755, '绵阳游仙徐家汇聚机房汇聚站(YA)', 290263694, '智能门禁', 93101000);
INSERT INTO `sys_station` VALUES (151, '游仙区', '传输节点', 290010756, '绵阳游仙紫阳汇聚机房汇聚站(YA)', 290263677, '智能门禁', 93101000);
INSERT INTO `sys_station` VALUES (152, '游仙区', '传输节点', 290005483, '000000_绵阳游仙上谷地站2TD-LTE基站(传输节点)', 290300856, '智能门禁', 510000340);
INSERT INTO `sys_station` VALUES (153, '游仙区', '传输节点', 290010247, '绵阳游仙玉河汇聚机房(YA)', 290229796, '智能门禁', 93101000);
INSERT INTO `sys_station` VALUES (154, '游仙区', '传输节点', 290010926, '绵阳游仙东林新建资源点(YA)', 290290463, '智能门禁', 93101000);
INSERT INTO `sys_station` VALUES (155, '盐亭县', '传输节点', 290011342, '绵阳盐亭龙滩场镇汇聚机房汇聚站(YA)', 290291309, '智能门禁', 93101000);
INSERT INTO `sys_station` VALUES (156, '盐亭县', '传输节点', 290011341, '绵阳盐亭七宝汇聚机房汇聚站(YA)', 290291326, '智能门禁', 93101000);
INSERT INTO `sys_station` VALUES (157, '盐亭县', '传输节点', 290011343, '绵阳盐亭高灯汇聚机房汇聚站(YA)', 290291272, '智能门禁', 93101000);
INSERT INTO `sys_station` VALUES (158, '盐亭县', '传输节点', 290011316, '绵阳盐亭净铭汇聚机房汇聚站(YA)', 290289582, '智能门禁', 93101000);
INSERT INTO `sys_station` VALUES (159, '盐亭县', '传输节点', 290010244, '绵阳盐亭黄甸汇聚机房(YA)', 290229655, '智能门禁', 93101000);
INSERT INTO `sys_station` VALUES (160, '盐亭县', '传输节点', 290010315, '绵阳盐亭毛公汇聚机房(YA)', 290275242, '智能门禁', 93101000);
INSERT INTO `sys_station` VALUES (161, '盐亭县', '传输节点', 290010245, '绵阳盐亭黑坪汇聚机房(YA)', 290229639, '智能门禁', 93101000);
INSERT INTO `sys_station` VALUES (162, '盐亭县', '传输节点', 290005529, '0000_盐亭老建行节点G-GSM900M基站(传输节点)', 290300849, '智能门禁（右边机房）', 510000340);
INSERT INTO `sys_station` VALUES (163, '盐亭县', '传输节点', 290009046, '绵阳盐亭避险广场绿地', 290176505, '智能门禁', 93101000);
INSERT INTO `sys_station` VALUES (164, '盐亭县', '传输节点', 290010768, '绵阳盐亭龙泉汇聚机房汇聚站(YA)', 290257744, '智能门禁', 93101000);
INSERT INTO `sys_station` VALUES (165, '绵阳园艺', '通信机楼', 290008099, '绵阳园艺一楼北向动力机房', 290298954, '绵阳园艺一楼北向动力机房智能门禁（TH)', 510003070);
INSERT INTO `sys_station` VALUES (166, '绵阳园艺', '通信机楼', 290011438, '绵阳园艺一楼互联网数据中心机房', 290298946, '园艺一楼互联网机房智能门禁CHD805', 510100100);
INSERT INTO `sys_station` VALUES (167, '绵阳园艺', '通信机楼', 290011437, '绵阳园艺一楼互联网数据中心动力机房', 290298943, '园艺一楼互联网动力机房智能门禁CHD805', 510100100);
INSERT INTO `sys_station` VALUES (168, '高新区', '传输节点', 290011283, '绵阳涪城金家林汇聚机房(YA)', 290287790, '智能门禁', 93101000);
INSERT INTO `sys_station` VALUES (169, '高新区', '传输节点', 290009059, '绵阳高新菩提电子绿地', 290162819, '智能门禁', 93101000);
INSERT INTO `sys_station` VALUES (170, '高新区', '传输节点', 290009058, '绵阳高新佛泉茶叶绿地', 290176697, '智能门禁', 93101000);
INSERT INTO `sys_station` VALUES (171, '高新区', '传输节点', 290009062, '绵阳高新九州汇聚5G基站', 290229174, '智能门禁', 93101000);
INSERT INTO `sys_station` VALUES (172, '高新区', '传输节点', 290009056, '绵阳高新法院绿地', 290163106, '智能门禁', 93101000);
INSERT INTO `sys_station` VALUES (173, '高新区', '传输节点', 290009055, '绵阳高新新庙绿地', 290164193, '智能门禁', 93101000);
INSERT INTO `sys_station` VALUES (174, '高新区', '传输节点', 290009054, '绵阳高新永兴广场绿地', 290162843, '智能门禁', 93101000);
INSERT INTO `sys_station` VALUES (175, '高新区', '传输节点', 290009067, '绵阳高新运管处站绿地', 290162918, '智能门禁', 93101000);
INSERT INTO `sys_station` VALUES (176, '高新区', '传输节点', 290008652, '绵阳高新铁通汇聚节点机房', 290300629, '智能门禁', 93101000);
INSERT INTO `sys_station` VALUES (177, '高新区', '传输节点', 290009168, '绵阳高新英黎别墅绿地', 290179465, '智能门禁', 93101000);
INSERT INTO `sys_station` VALUES (178, '高新区', '传输节点', 290006142, '0000_绵阳五三局OTN机房G-GSM900M基站', 290300751, '智能门禁', 510000340);
INSERT INTO `sys_station` VALUES (179, '高新区', '传输节点', 290011346, '绵阳高新汽车园区汇聚资源点(YA)', 290291394, '智能门禁', 93101000);
INSERT INTO `sys_station` VALUES (180, '高新区', '传输节点', 290009982, '绵阳高新永兴支局汇聚基站', 290260328, '智能门禁', 510003520);
INSERT INTO `sys_station` VALUES (181, '高新区', '传输节点', 290009060, '绵阳高新五三汇聚5G基站', 290218366, '智能门禁', 93101000);
INSERT INTO `sys_station` VALUES (182, '高新区', '传输节点', 290009057, '绵阳高新中石油站绿地', 290164369, '智能门禁', 93101000);

-- ----------------------------
-- Table structure for sys_user
-- ----------------------------
DROP TABLE IF EXISTS `sys_user`;
CREATE TABLE `sys_user`  (
  `id` int(11) NOT NULL AUTO_INCREMENT,
  `username` varchar(255) CHARACTER SET utf8 COLLATE utf8_general_ci NOT NULL,
  `password` varchar(255) CHARACTER SET utf8 COLLATE utf8_general_ci NOT NULL,
  `telephone` varchar(20) CHARACTER SET utf8 COLLATE utf8_general_ci NOT NULL,
  `create_time` datetime(0) NOT NULL,
  PRIMARY KEY (`id`) USING BTREE,
  INDEX `telephone`(`telephone`) USING BTREE
) ENGINE = InnoDB AUTO_INCREMENT = 399 CHARACTER SET = utf8 COLLATE = utf8_general_ci ROW_FORMAT = Dynamic;

-- ----------------------------
-- Records of sys_user
-- ----------------------------
INSERT INTO `sys_user` VALUES (1, 'admin', '$2b$12$s3zl2zIROwv3HmQSwCu/d.sJgRo5iWT8YGbuEBinZJMdyOxQoMOZS', '123', '2024-11-07 11:12:35');
INSERT INTO `sys_user` VALUES (4, '马彪', '$2b$12$vPUGiqnUJv.KaAMuTXNNoer8gQsVjsFij/Qc28RhPamJZLIc7xb1a', '13989293808', '2024-11-13 16:04:41');
INSERT INTO `sys_user` VALUES (5, '孟理', '$2b$12$.2Fp5wFDyOdCxPdDpiBw7u7ScAHP4yr7qdODynYdSHHtSE8yLXf06', '13909010011', '2024-11-13 16:04:41');
INSERT INTO `sys_user` VALUES (6, '王光格', '$2b$12$3myrVYfqP.GZnAGx5GqXvuMojHDCDvvdLM36l3cv5uOonaQVAxcHu', '13881181888', '2024-11-13 16:04:41');
INSERT INTO `sys_user` VALUES (7, '杨云', '$2b$12$uJ4ybSruJ02WSkSpWaA/yOgbms6hCG/lqBWscQbbOzaQpfppWQVv6', '15884644305', '2024-11-13 16:04:41');
INSERT INTO `sys_user` VALUES (8, '张祥坤', '$2b$12$NHtdtUmiZ34ss0Pjj7VHru3PmoVqHJ3yQmYj2.c2bb6gXs3dtquUy', '18380551032', '2024-11-13 16:04:41');
INSERT INTO `sys_user` VALUES (9, '张镇麟', '$2b$12$i/CZgUi0Wvq0KiRWip0kCeoJh.L8Ardftm4.EMHJKuP4/W/vXf7jy', '15928206269', '2024-11-13 16:04:42');
INSERT INTO `sys_user` VALUES (10, '张志旭', '$2b$12$HQjPCuXxcUook4aFkh3YCu1GS5X5FHi5FwIWEHgfR5W08nT5zPx5e', '13990157272', '2024-11-13 16:04:42');
INSERT INTO `sys_user` VALUES (11, '陈健', '$2b$12$v3FNGGCn8tHCPJ.s0l1hnesE46sKbvg.zDnWOPVjaCLDX9QduP41q', '13909013938', '2024-11-13 16:04:42');
INSERT INTO `sys_user` VALUES (12, '邓文', '$2b$12$ZbuYGcn.hFYNFC5ufRy7euXWdyx18jxfTvPvHT.pXLBjrUaU9pMbe', '18781601767', '2024-11-13 16:04:42');
INSERT INTO `sys_user` VALUES (13, '刘鹏飞', '$2b$12$mw/p3sGVca02sNOEEsyA6.DP3OSfLU9Wi7Rb54jtJ/jI2ThYMu.Mm', '15881620202', '2024-11-13 16:04:42');
INSERT INTO `sys_user` VALUES (14, '罗宏权', '$2b$12$oNFrxG11k9ku..rYF5gTWefT3AcPuTyJnhTC0ZVaPmarEuSa1yu9W', '18281606778', '2024-11-13 16:04:43');
INSERT INTO `sys_user` VALUES (15, '唐洪', '$2b$12$ieDNwR/rtZ8m61vQX8.lxe.KRlBftpupWEmjw1dUfDLUcP36fm4Zi', '13981269777', '2024-11-13 16:04:43');
INSERT INTO `sys_user` VALUES (16, '文烈', '$2b$12$3w6CssJiDRJWJU.0EwIKBuVtgF/EsFsYtODdAapLcrqp6.WKg0Wl2', '13881101069', '2024-11-13 16:04:43');
INSERT INTO `sys_user` VALUES (17, '伍红', '$2b$12$KXPHoJRit7g1IGkeu65A3Oln4MkgEHBorpSpwfLonyYRgdSWdC.t.', '13808113918', '2024-11-13 16:04:43');
INSERT INTO `sys_user` VALUES (18, '杨兵', '$2b$12$f3.Zyr/cx6Nohj/oATxjeOsKkk20fchu/C4aIo2dHFRcYTdyeFAs2', '13908114284', '2024-11-13 16:04:44');
INSERT INTO `sys_user` VALUES (19, '杨勇', '$2b$12$6em.M9ipAAWUO8vVPWQ4Yejjq3ZbCShPHhzfX8zifLDLzUwVAJzKO', '13508112669', '2024-11-13 16:04:44');
INSERT INTO `sys_user` VALUES (20, '张浩', '$2b$12$njq.LAMnsduJImZ1xbUYyeSzC2Oq7knOCsyDVMEdIDH.4x3.YGXdi', '15280930399', '2024-11-13 16:04:44');
INSERT INTO `sys_user` VALUES (21, '张晓桃', '$2b$12$rF1azX8BLqqYvlFg.y.Cfu/oNqDrP3TNf0R9zVlwEPM0DyC6BsdMW', '13508123555', '2024-11-13 16:04:44');
INSERT INTO `sys_user` VALUES (22, '赵缘嘉', '$2b$12$oLN0trtsqCMQ/mJQLE2aseG8ygZAQ31ddefNYdc6oT88d.Qvb4vXm', '18380550481', '2024-11-13 16:04:44');
INSERT INTO `sys_user` VALUES (23, '曾德萍', '$2b$12$SuZoug9pR1Xxxma4t2fzs.bHy9RQQWh2/3HncxJuBHDmAX3CxpS0e', '18380550653', '2024-11-13 16:04:45');
INSERT INTO `sys_user` VALUES (24, '曾锐', '$2b$12$i4P63ERRlwhzI7qZSjSy5uv1gIFDnKQpqYh8is2TuoSVDX5GlpCv2', '15008161844', '2024-11-13 16:04:45');
INSERT INTO `sys_user` VALUES (25, '邓波', '$2b$12$REoGTYMyJsY/wSc9jGycne0ZZP.DlLt2CyTKQMpGoW4S1wwK/KukS', '15196268866', '2024-11-13 16:04:45');
INSERT INTO `sys_user` VALUES (26, '邓鑫', '$2b$12$djMEgZnQXIOUXekTXcHKTOdrJLmjcy0jfzymBR..JqGbfvn9d3sLe', '13700965356', '2024-11-13 16:04:45');
INSERT INTO `sys_user` VALUES (27, '高子旭', '$2b$12$yscxIUxJhE31E.9J/zPlsOyXeQ95ErJS8PAdgkY8MhN2rRZCTJCB2', '15281129972', '2024-11-13 16:04:45');
INSERT INTO `sys_user` VALUES (28, '蒋艳', '$2b$12$Qh1CaCh7/QM7Pj7TrcgduuxaF4CXyU68D9xUSmJEUPAyw6uomyMfW', '15892601480', '2024-11-13 16:04:46');
INSERT INTO `sys_user` VALUES (29, '林海霞', '$2b$12$DMNzO4H41Jc8JVAVTmVesu5W82NMPmkqEmlpbmotsOSHj2ypEwYBW', '13908117547', '2024-11-13 16:04:46');
INSERT INTO `sys_user` VALUES (30, '邱杰', '$2b$12$t/50ml2rI10m7C3DjMCPWOqb8ikCoce6L10JoD44GFCm02/De/YuK', '13989289910', '2024-11-13 16:04:46');
INSERT INTO `sys_user` VALUES (31, '涂先', '$2b$12$ZghnSY/IimrOgGODcg9nWelesvIZaWglAAarl6rtN/mGwq7SCztDy', '15281115225', '2024-11-13 16:04:46');
INSERT INTO `sys_user` VALUES (32, '邹建明', '$2b$12$U1T0i6c03PYunXt9f6v5Juk67RjDhhdQhS6nVV8UeL3ELJ1pbsbo.', '13550856538', '2024-11-13 16:04:46');
INSERT INTO `sys_user` VALUES (33, '蔡丹姑', '$2b$12$Cz/pnLu8Zgw07fLUoIaa2OF2GFlgGEPG1XjLL9USw32o0zaIWlfSu', '13990115617', '2024-11-13 16:04:47');
INSERT INTO `sys_user` VALUES (34, '陈超', '$2b$12$sXWb3Qf52.viTAvxk4YRyO84r/66UkJkatn92C8jiekQDOZUH4w6C', '13408108110', '2024-11-13 16:04:47');
INSERT INTO `sys_user` VALUES (35, '陈飞', '$2b$12$u8qadlxJzisIooSuRVKWouY6cJ9q.CGoOxEiO0bGvB2ItmJx/VvH.', '13699607799', '2024-11-13 16:04:47');
INSERT INTO `sys_user` VALUES (36, '陈楠', '$2b$12$8O.0Uz/7VByWQjqN1DbfLeX/tXhFWHrDmVvvQ81f554wgujf5/0Fq', '13981120041', '2024-11-13 16:04:47');
INSERT INTO `sys_user` VALUES (37, '程玮', '$2b$12$ZjDz6HiQm/dw0cM96wdwNuTQ6MUSlkNykfKN2kt.A3rZPsTTIRk5y', '15008183352', '2024-11-13 16:04:47');
INSERT INTO `sys_user` VALUES (38, '邓仕刚', '$2b$12$ij6HLfwZyWKAvRZ49La24OkrqSkUXpjChDG3bwe19.2D2oMtDw3Nu', '13981130039', '2024-11-13 16:04:48');
INSERT INTO `sys_user` VALUES (39, '段维', '$2b$12$CJsAJhRjgk76GHXuwXi6B./d.DTUYIKFP8X7mdkHQBHq01zaK/E1K', '13628085200', '2024-11-13 16:04:48');
INSERT INTO `sys_user` VALUES (40, '范克非', '$2b$12$gcxRrTGUGxynUJynXowIdeSWZjB2mcDe4NU.8p.deSPD2jqonm8M.', '13778167983', '2024-11-13 16:04:48');
INSERT INTO `sys_user` VALUES (41, '范志强', '$2b$12$LjlNNcSt1u26Wti3owSnGe8kPgS/3rnTrJwLlsC4bFEPslxdgN4ki', '15882894387', '2024-11-13 16:04:48');
INSERT INTO `sys_user` VALUES (42, '冯杰', '$2b$12$u.0m584XwoOBVlXgJS2SE.BG9wboVyVLbAqZJD8RgB/yayt78gcie', '15281655945', '2024-11-13 16:04:48');
INSERT INTO `sys_user` VALUES (43, '郭超', '$2b$12$aL4ni8eJpishTzdDWO.Q8u0zQmnr/AJxB7JOmSuvDqP9yim5tgn3a', '13440002894', '2024-11-13 16:04:49');
INSERT INTO `sys_user` VALUES (44, '郭江', '$2b$12$W.QU.t1hAzL.MN2ab/nPFuQPaphtswhy30TvTWpqUKbjetKM83uIi', '15008171299', '2024-11-13 16:04:49');
INSERT INTO `sys_user` VALUES (45, '何云龙', '$2b$12$RcYcPuKvyysAtkVLNfMnD.nGmK7pcv0zvw08aKxjOkzjt.SjsmJaa', '13980124442', '2024-11-13 16:04:49');
INSERT INTO `sys_user` VALUES (46, '洪程程', '$2b$12$FyMdWHc3MjlqiQD.AJfReeJKgWvXSWmQuGumt1/6f10l3RIMaqEUq', '13990158001', '2024-11-13 16:04:49');
INSERT INTO `sys_user` VALUES (47, '侯敏', '$2b$12$szKXcmrdhR/4vMqZVumWq.x8JaPny1NT2efcs.5BAbRVSXSFcbvX.', '13981109861', '2024-11-13 16:04:50');
INSERT INTO `sys_user` VALUES (48, '黄炳玉', '$2b$12$7Orp6rgRUZZhlPN.Ggbc8OmItOBX7QzomnObwLT.ylryC46bwWb86', '13778025730', '2024-11-13 16:04:50');
INSERT INTO `sys_user` VALUES (49, '江德伟', '$2b$12$q3h2t504Wi7/cBvqAkHr5uILNOSg/bwpeMOjuuKgDVQ6zqshd3aKy', '13990171535', '2024-11-13 16:04:50');
INSERT INTO `sys_user` VALUES (50, '雷林', '$2b$12$ZYI1UkrkwpAve6oxvLJIXOnYdDjLjOeIPddshZdUIQdO8yMPJhZ7S', '13990175677', '2024-11-13 16:04:50');
INSERT INTO `sys_user` VALUES (51, '雷秋燕', '$2b$12$WHphZWy.j/t5qdbl8ZmcOu8XFsgyfAvxWyUK8s18X5Az20580cV9S', '13778070865', '2024-11-13 16:04:50');
INSERT INTO `sys_user` VALUES (52, '黎勇', '$2b$12$r7eExLu/bLeSIEeCrd.uceMfCT2MQz.NgZJVdQsflyB46mlJEIr9W', '13981105550', '2024-11-13 16:04:51');
INSERT INTO `sys_user` VALUES (53, '李超', '$2b$12$5F1YpBzuHuC/U1y/sfzemeA8i4eqFKZJIEqp8nAI1IX/7QjF.eqw6', '15228780001', '2024-11-13 16:04:51');
INSERT INTO `sys_user` VALUES (54, '李娜娜', '$2b$12$A/WZhAJvny2EDC4up/hKnOSg63sC.9238bH/.AvnzTNc.YfwU2tyW', '15281188498', '2024-11-13 16:04:51');
INSERT INTO `sys_user` VALUES (55, '李祥睿', '$2b$12$EnzbH5IXeZ6B9z8V3K6oPOynO3t1e/0osMU6uHcmP/vlKoCj0FONG', '15760544439', '2024-11-13 16:04:51');
INSERT INTO `sys_user` VALUES (56, '林红', '$2b$12$t3pQ6Kg5G0BI6Hb3hyREXuanRY/XGbc7JqHwHPPYbAbgCOGSvNFJ6', '18808112209', '2024-11-13 16:04:51');
INSERT INTO `sys_user` VALUES (57, '林敏', '$2b$12$NqRZYL1ZQZvyULZWco93C.Ev23VNGP2d86d105Y5pXrFcvGgAPlc2', '15882882810', '2024-11-13 16:04:52');
INSERT INTO `sys_user` VALUES (58, '林映彤', '$2b$12$iR.foU8Jzs7KO48ddcoq3OVXmauvaodPjK3ZC6rWRzfd1GnUJXaca', '18281690046', '2024-11-13 16:04:52');
INSERT INTO `sys_user` VALUES (59, '刘波', '$2b$12$Q.gYpU.oUZ3bK0n8fOYZNennZBZSSLT096oeJffPTMsHss5sXfhGG', '13989282886', '2024-11-13 16:04:52');
INSERT INTO `sys_user` VALUES (60, '刘建辉', '$2b$12$va02rOvYTMWqBLPpNKmb6uX4WuT1CpegP6e/8vn0bKeMLGADb5WAm', '13981100001', '2024-11-13 16:04:52');
INSERT INTO `sys_user` VALUES (61, '刘双燕', '$2b$12$CNBMGij74GOoOIEd8ESk/OWDfzT8Vr/M9qyQYsXX.HIYpLEl77fgK', '18781100535', '2024-11-13 16:04:52');
INSERT INTO `sys_user` VALUES (62, '龙昊', '$2b$12$SQtFgwD/0uRrKi4YEwrcl.FqqpMKGDosGEzQQwmxU68gyNnttAFRO', '13458055004', '2024-11-13 16:04:53');
INSERT INTO `sys_user` VALUES (63, '罗刚', '$2b$12$vV39VkWr9jg6X00Dntv9/Of3koaXkuC106e5Kv/hRg7t5OBIACir.', '13881191664', '2024-11-13 16:04:53');
INSERT INTO `sys_user` VALUES (64, '罗致敏', '$2b$12$zO3.Srsl5/vaXBFQUZnSfe3xZXGK4hAg9Ee.mzrTcqCnWEx/iWXEm', '15181614885', '2024-11-13 16:04:53');
INSERT INTO `sys_user` VALUES (65, '缪中平', '$2b$12$ev/r9bn3sXFn64Cukznv1OraEHGF0TjSz5CYoy9huAtxQvZxEqj3y', '13699619471', '2024-11-13 16:04:53');
INSERT INTO `sys_user` VALUES (66, '潘宣辰', '$2b$12$6MzrOK9QWYxBiBHw0FIQJuJhYk.wNWlkqLH2RaPYBd45if4jlTVFO', '15008181858', '2024-11-13 16:04:53');
INSERT INTO `sys_user` VALUES (67, '蒲川', '$2b$12$21m1x3nl9rnQGtGW59cA6elqEGK6wPxwBsekoXen7YGb0FdBaBqY2', '13550838176', '2024-11-13 16:04:54');
INSERT INTO `sys_user` VALUES (68, '蒲海波', '$2b$12$HJgZtqM8Uiie587R/dHvy.0bsiCrhchhU9zFPpTyhPuRIKzfS2rWC', '13689689898', '2024-11-13 16:04:54');
INSERT INTO `sys_user` VALUES (69, '蒲岩', '$2b$12$R2Kg8x5E.D6ruOr223Va1ui0bEcM78cywD59hE7IHBZNV0Tv.dtkS', '13881105559', '2024-11-13 16:04:54');
INSERT INTO `sys_user` VALUES (70, '石茂均', '$2b$12$J/vlEcTbXBlvG8vHaOcbVu0FTrRTZw99Q7vs8QXzMBfHc1W8/PhYe', '13890134641', '2024-11-13 16:04:54');
INSERT INTO `sys_user` VALUES (71, '唐祥林', '$2b$12$ahNZwbLJCAKnmxNddBFx2evIEgFh5pKGoD6etUq7tg.qo9.ozydRi', '13990137700', '2024-11-13 16:04:55');
INSERT INTO `sys_user` VALUES (72, '汪亭', '$2b$12$A099OrkVchwK6GQZaNKBOeKWI.1YvD8eEfx8Mi10KahDlT0agRkNy', '13981100030', '2024-11-13 16:04:55');
INSERT INTO `sys_user` VALUES (73, '王斌', '$2b$12$8FP52YRtvHHOebbb086c2uJ4W4Jp.3O6i5KqsfgKCudVO6XMHfJRG', '13508110046', '2024-11-13 16:04:55');
INSERT INTO `sys_user` VALUES (74, '王朝洪', '$2b$12$o/Lj85nQce8SOA7JzgdyeeU4OJLoNR4jRAw/ZrKgK2iHBcXkhMDPS', '13981120030', '2024-11-13 16:04:55');
INSERT INTO `sys_user` VALUES (75, '王德栋', '$2b$12$Xg5FzrvG0iAnWIzN1VK.nuc9rUi/1Bc./2k9Zj4wvaxct90oKgVle', '13981120043', '2024-11-13 16:04:55');
INSERT INTO `sys_user` VALUES (76, '王海兵', '$2b$12$OaICg4GCuAP7PKBLai7WQ.5r6kZKWs5Qk/gpREMkjQtBAMcmrFnv2', '13550801655', '2024-11-13 16:04:56');
INSERT INTO `sys_user` VALUES (77, '王号', '$2b$12$ufv79VkxtKlo9MHkebVIGOucKgxHtB9GmvVYT5//PWKUctuTsXdWe', '15882877943', '2024-11-13 16:04:56');
INSERT INTO `sys_user` VALUES (78, '王坤', '$2b$12$9ioUnwzrarDqWcU8Ez629ObUJUbskcGXCpZkFuP24v12vnfpCnb1q', '15883760816', '2024-11-13 16:04:56');
INSERT INTO `sys_user` VALUES (79, '王磊', '$2b$12$C/kcHzZ6idf2ZvmuZEcxruO29vucnQBLVrV.ZdxTHhC6xHc9bzeN6', '13881196274', '2024-11-13 16:04:56');
INSERT INTO `sys_user` VALUES (80, '王明', '$2b$12$3EtDA54jcIQlczo54V3.7ORA8uWTD.fwLRid7rWalqKerDZfYyJrK', '15281683389', '2024-11-13 16:04:56');
INSERT INTO `sys_user` VALUES (81, '王颖', '$2b$12$mWB4pppL4qZPnFc3V/sdh.ZI1yL6QIHQnEOhTjUl10QxhqeNwg7nG', '15892627788', '2024-11-13 16:04:57');
INSERT INTO `sys_user` VALUES (82, '王勇', '$2b$12$YCvKeULnUPT6tjCHPQlU5.seA.dndDXllRWdVU.oaHMCsMklaf/W2', '13550801955', '2024-11-13 16:04:57');
INSERT INTO `sys_user` VALUES (83, '王宇', '$2b$12$O6jCYrMHgUi6C9HQxCBAHezrsAXiQEnnR93DdcMbX32Jfq4FZlgA2', '15882877107', '2024-11-13 16:04:57');
INSERT INTO `sys_user` VALUES (84, '文东', '$2b$12$rbVivLR0JRSYGCHA2NgsUOWYwSR2OFlUifBUf6.qFgzK9rnItsMei', '13708110042', '2024-11-13 16:04:57');
INSERT INTO `sys_user` VALUES (85, '吴坤', '$2b$12$gnRUrd9cHfN15HbdbxKB0OtMOEI24l/oGhmwB5X3Yt8JBaQy1eP8e', '15908200091', '2024-11-13 16:04:57');
INSERT INTO `sys_user` VALUES (86, '吴一飞', '$2b$12$OHEVIS.AGPkWZE99KxxC4.Wb5ohxZogaL9OP3wmDssst/t78/D.A2', '15882777188', '2024-11-13 16:04:58');
INSERT INTO `sys_user` VALUES (87, '肖鑫', '$2b$12$qmWAWJ122WDzlEDlzRJ9VeFUukHAikVl9d3aDYapbeOVVa1mwSUUK', '15908235545', '2024-11-13 16:04:58');
INSERT INTO `sys_user` VALUES (88, '肖舟', '$2b$12$agAiXzHxpF0UbF8GrDYfqef8iv/yqmdec/qVmaiHP/yIoBrOhYkxq', '13402330005', '2024-11-13 16:04:58');
INSERT INTO `sys_user` VALUES (89, '谢世海', '$2b$12$/.IFRxp4/DfLd7WTc86ajevWVzshVkv9jR0GPryY0Lafqsjtufkhi', '15008170741', '2024-11-13 16:04:58');
INSERT INTO `sys_user` VALUES (90, '胥韬', '$2b$12$EOqlb5j/KIoAlChL7tpoF.bn/MFW08n603YdiiYwB7O3SMBhaTcp2', '15883794913', '2024-11-13 16:04:58');
INSERT INTO `sys_user` VALUES (91, '徐捷', '$2b$12$/mH.eYMqCDHP8hdgrGsp3elgHvcA92k97Hv1kQFgMDKcg2RO8GMl2', '13908118758', '2024-11-13 16:04:59');
INSERT INTO `sys_user` VALUES (92, '许子龙', '$2b$12$/TuP7BgKtumsO9nZGLIAnOAGtiQ.pJD0w7iV5zJj6duHDOA6tCMNW', '15008178988', '2024-11-13 16:04:59');
INSERT INTO `sys_user` VALUES (93, '杨成广', '$2b$12$EXIe70m7FcK48sF1YvRjeeGTbEt9uaEje1.ZHIqadHma860QB2lae', '13608120006', '2024-11-13 16:04:59');
INSERT INTO `sys_user` VALUES (94, '杨淳', '$2b$12$RuWMUm1AJPqZbEM9st6oZe3eW4VTXXI7RmxGwrPPtZL7RC4u7gZ8m', '15882778217', '2024-11-13 16:04:59');
INSERT INTO `sys_user` VALUES (95, '杨杰', '$2b$12$i22fpa/WmRg7b857xEPH9.3rTgUvZpp6FCHKjzHJUNZUsGy.HDhbq', '18781192266', '2024-11-13 16:04:59');
INSERT INTO `sys_user` VALUES (96, '杨凌', '$2b$12$X1QYFDuTtjiLGBoXl5VF/O9ZfR0LAVL3LPw3e27KfOjbt4JxH7YLe', '13547139950', '2024-11-13 16:05:00');
INSERT INTO `sys_user` VALUES (97, '杨志勇', '$2b$12$/Ff./RzZj9/8499rfWDcPOk7ucP9We/mJM9yZsNHmnlEXREERkTr2', '18808110888', '2024-11-13 16:05:00');
INSERT INTO `sys_user` VALUES (98, '余贵明', '$2b$12$tvAxaBCWBzPryd9llUo9wOB/WnJp4AktZxyeb9Xi3CEagb2JAd7xy', '13981120011', '2024-11-13 16:05:00');
INSERT INTO `sys_user` VALUES (99, '余立家', '$2b$12$I8T.f3ay5lyeXOaUOMhxRuOvC8rlszWewHOfAr.HNXxOt5w5VlFUy', '13608120003', '2024-11-13 16:05:00');
INSERT INTO `sys_user` VALUES (100, '张皓然', '$2b$12$xZLZbT/82s79iF8yw1ZDEubVNkBezlAhHzFX5EhCFSan3lOgG5Vfq', '13990157513', '2024-11-13 16:05:01');
INSERT INTO `sys_user` VALUES (101, '张松', '$2b$12$/7ovFLdfvs.vy7vbrnRlbOS2sUMeTQ1ZtJ4zJK9P1F5pJeZfh5llG', '13778151761', '2024-11-13 16:05:01');
INSERT INTO `sys_user` VALUES (102, '张小冬', '$2b$12$XbI2nJ.jwPudZY3.whP.vuoOjiYXrqpnetXSIMa6eu9zJCBKWALke', '15983652116', '2024-11-13 16:05:01');
INSERT INTO `sys_user` VALUES (103, '赵阳', '$2b$12$WXrhBdK2R1BGzclHk4ow3Oq8SD6udH2c8VueDXSyY.mLquK8HpFo.', '18380550636', '2024-11-13 16:05:01');
INSERT INTO `sys_user` VALUES (104, '赵云亮', '$2b$12$IacGUatlOEPkWVygh5ZTseFTD9m6x3bhYbY/D2.mWYlv54P0gUPqu', '18281690045', '2024-11-13 16:05:01');
INSERT INTO `sys_user` VALUES (105, '周君臣', '$2b$12$m1z3.z9Ydm.JEbzuc2qe5emCoxUayvfZ048I4WEZYjTUy3tvkCpw.', '13648118614', '2024-11-13 16:05:02');
INSERT INTO `sys_user` VALUES (106, '曹滢', '$2b$12$LW.eHGvbuQ1YD2dmEDZqru6.5kKvEMe.cr1IYLt2ivsWGeRIbDp8q', '13989272090', '2024-11-13 16:05:02');
INSERT INTO `sys_user` VALUES (107, '顾云荣', '$2b$12$NzS6HYlo7GG90WDfMxsy/u8.Z6.hG21chbeHX5Peh/8i1F.pHb5Y6', '18728858808', '2024-11-13 16:05:02');
INSERT INTO `sys_user` VALUES (108, '黄林林', '$2b$12$yVFSKt0YU403JuiMG4rfQubbohVZHF6tmS4MQve2Ez3OG.8kyLn4e', '13508127800', '2024-11-13 16:05:02');
INSERT INTO `sys_user` VALUES (109, '蒋忠', '$2b$12$wFe4H16dk4qPcxHNYKqm9OnQUCbGouyRPyaYNephgDqOmjuoRx6zC', '13608127736', '2024-11-13 16:05:02');
INSERT INTO `sys_user` VALUES (110, '蒙祖辉', '$2b$12$9uF8gL6BIK8quG64Pjr35ObkUR3rJsqEc1BF9yFkjWTyG07KyDX3a', '13908117238', '2024-11-13 16:05:03');
INSERT INTO `sys_user` VALUES (111, '谢正熬', '$2b$12$qqr0ddRRu6RxojuoJr5WNOrrgq0gtoMilSp1qorpjs86BrtHiqCra', '18380550897', '2024-11-13 16:05:03');
INSERT INTO `sys_user` VALUES (112, '杨瑾', '$2b$12$X.jS30po0WHEAHVjSg/rOubJSYRCoOfpCB20LfxrgSIAxec9iyiGm', '13890101869', '2024-11-13 16:05:03');
INSERT INTO `sys_user` VALUES (113, '陈辉', '$2b$12$nhl30uWcnvtZb3c9XK0IhOhixt0Dp1uVfVOxP.kB298rRUg.n/M2W', '13909017709', '2024-11-13 16:05:03');
INSERT INTO `sys_user` VALUES (114, '李仕伟', '$2b$12$EGOFIAG.t5l5czL4bo/ojunCrweeSNse6Z2n9YLuLVGSDLVLp8oYG', '13908113504', '2024-11-13 16:05:03');
INSERT INTO `sys_user` VALUES (115, '刘浩', '$2b$12$lyIs.Ho9O4MeNYkyzu2zZudU/3QeBHiLlTDkrVqZ8tlmNWAg1V/Gi', '13568268320', '2024-11-13 16:05:04');
INSERT INTO `sys_user` VALUES (116, '任勇', '$2b$12$I.FfHdoBr3cH9ygX1/km5uiGLimYpaMu6KzNjyHzZ8HtiQpMoYMcC', '18380550787', '2024-11-13 16:05:04');
INSERT INTO `sys_user` VALUES (117, '王宝', '$2b$12$7ZKfj2CAGitt0Ro6YpciG.zwJWARIgTRM2nhvH46DEAp1x5HLkVY2', '13458435538', '2024-11-13 16:05:04');
INSERT INTO `sys_user` VALUES (118, '赵林才', '$2b$12$vWXPyUIE0FFuVZBi6BRWWu617.KBEnb4Dn/R6PazUsGwjhW06lwZ2', '15196277030', '2024-11-13 16:05:04');
INSERT INTO `sys_user` VALUES (119, '蒋帆', '$2b$12$QTCmB.aijVpo1G0NPGMzKeJiBgzd2I9CpZ9AI3pxyf64KNjGxoMJe', '15082179800', '2024-11-13 16:05:04');
INSERT INTO `sys_user` VALUES (120, '梁晓东', '$2b$12$C.hubKtu4q2j8YroS2luxO.W//hJcKW3y7gYDSmuv7xLPjUhnQM7S', '13708125134', '2024-11-13 16:05:05');
INSERT INTO `sys_user` VALUES (121, '刘剑', '$2b$12$N.aK2unajuHBRZZev99il.M5aM.YUmunin1f35/eOgMq9FFTCwYWK', '13908115504', '2024-11-13 16:05:05');
INSERT INTO `sys_user` VALUES (122, '罗超', '$2b$12$t1x8iv.6fLqo9h.OTcfDUuJPzyXVmdGoBTZCtb9.35bEWJUVGZfOK', '18381670989', '2024-11-13 16:05:05');
INSERT INTO `sys_user` VALUES (123, '马莉华', '$2b$12$pDOLjxW0OstPaGsy/b4nH.M9EopfiEipLM/pmPxd3rtxKRX81Rju2', '13541755111', '2024-11-13 16:05:05');
INSERT INTO `sys_user` VALUES (124, '任怡', '$2b$12$xLGAGfkG.2ZAY03iLv/KEecZgVTQtmvw5DPFPEaP46Q4He/w5Yfp2', '15196273222', '2024-11-13 16:05:06');
INSERT INTO `sys_user` VALUES (125, '赵边超越', '$2b$12$nPi7k7bYQJ55DRIQhQs9V.koun.Uh6cwmANysjghgvD3YRPJxTFLC', '13778088050', '2024-11-13 16:05:06');
INSERT INTO `sys_user` VALUES (126, '何艳君', '$2b$12$RTcjV8cXZUZwmWc1bVrTuuX7ovYi6RpUF97OmlzL2FV3XhF/FpLhO', '13990110005', '2024-11-13 16:05:06');
INSERT INTO `sys_user` VALUES (127, '胡楠爵', '$2b$12$sHPWXSRFJWr6JFj28f12iOyF/fVm2aN1/.mDb9i6sJOQNLRzunIZu', '13990176286', '2024-11-13 16:05:06');
INSERT INTO `sys_user` VALUES (128, '兰博', '$2b$12$Q4Do/0XtxEs5VF53dvyJcOkySwfWDzF2W.J/V/ZqmHAeg7knz087q', '15884636055', '2024-11-13 16:05:06');
INSERT INTO `sys_user` VALUES (129, '李佳', '$2b$12$ImnQIYnVOWuv6syJwz5oNegxsrx6kaW/t6gSGJUKouZchfgVmLdhy', '13458070001', '2024-11-13 16:05:07');
INSERT INTO `sys_user` VALUES (130, '廖益', '$2b$12$ktvYR49vpb3lAxHuEBS.3eRIEBfbY7BYrAtIwut98xNXnhXyLZtpu', '13990101857', '2024-11-13 16:05:07');
INSERT INTO `sys_user` VALUES (131, '刘雨豪', '$2b$12$Dc.H8DCy6tBCz8pQP7PY4e7DjJRivZPBJvkVcmlPrnuW5jdULgr5W', '13699636699', '2024-11-13 16:05:07');
INSERT INTO `sys_user` VALUES (132, '母宗明', '$2b$12$i6XpcpBDFpeK2daaZzpoTu53Rf8UTGoc6YfJsz7m7VrQVlw2Gp7mW', '13608112347', '2024-11-13 16:05:07');
INSERT INTO `sys_user` VALUES (133, '蒲春晖', '$2b$12$UaqfnhSwLYMpqd85SW1xluE/wqRjZay3CFrGMb1i7Lk1Uqi5N95x6', '15984639980', '2024-11-13 16:05:07');
INSERT INTO `sys_user` VALUES (134, '申李杨', '$2b$12$tMubJ.7YIFBWtYUWj.OeKey3jvLAKRxo/zhuunUEAB2zgk5Gy3PPa', '13508110049', '2024-11-13 16:05:08');
INSERT INTO `sys_user` VALUES (135, '杨璐萍', '$2b$12$CikA04v7J2MR9CQsNbg6sOgBnHIeFkqDdV.562t0SFtOWsexM2H2i', '13778019988', '2024-11-13 16:05:08');
INSERT INTO `sys_user` VALUES (136, '朱瑜', '$2b$12$LHhwkCpDEPYOjMAuPwFx0u3P6JaUYov1Qi1UT0TjwTgk12wEfqvGu', '13708126253', '2024-11-13 16:05:08');
INSERT INTO `sys_user` VALUES (137, '何钢', '$2b$12$wau48bNsuJAobkAhBjHOv.ga//LVosFtEiUMLcNp7walmW8YtgqOC', '13458070037', '2024-11-13 16:05:08');
INSERT INTO `sys_user` VALUES (138, '胡娟', '$2b$12$MwNupdYdndNDRbX972nUg.iq6eKYyax.mS4QvGB6qo7yQvWT.fC/m', '13881183311', '2024-11-13 16:05:08');
INSERT INTO `sys_user` VALUES (139, '胡棚', '$2b$12$lixFtjPTnp7qLWWW8eoK2efFxxCVeKMOKqpm6p427pNhHFl7NzMkW', '13808116708', '2024-11-13 16:05:09');
INSERT INTO `sys_user` VALUES (140, '廖培培', '$2b$12$Wic3rqmITXx4GSO98CpNZOEcBnxzJkyT0vfcTQyAhZu5oHRS1wG72', '13981185556', '2024-11-13 16:05:09');
INSERT INTO `sys_user` VALUES (141, '刘德康', '$2b$12$TLtrL7xvjPxKxefP1O9KX.2L.p84cMExPOS7WIt8rUIvD4JMF.mxe', '18781660909', '2024-11-13 16:05:09');
INSERT INTO `sys_user` VALUES (142, '肖又铭', '$2b$12$eM66vNw7vvWFyJAgqtfTWOZYwdaP6AwdnxH26avQXMegvc15p4rqG', '13659034672', '2024-11-13 16:05:09');
INSERT INTO `sys_user` VALUES (143, '张仲举', '$2b$12$i3fzHrtXFlGB01Ry9s.6fu1uA8/DEjNLGjy1dUJkPWOZnUt9liovm', '18881600008', '2024-11-13 16:05:09');
INSERT INTO `sys_user` VALUES (144, '李旭', '$2b$12$nxc9bLhPhUBR6y3oq8ELOubRRysOd7xf63eJv8nHsFBX.G6UjZ/ia', '13989298159', '2024-11-13 16:05:10');
INSERT INTO `sys_user` VALUES (145, '刘超1', '$2b$12$Mdw032INNVod32TaiBEhV.mfK3HPsCEiB.Fp72VtrvsTx8rxZSztC', '15983681399', '2024-11-13 16:05:10');
INSERT INTO `sys_user` VALUES (146, '刘建川', '$2b$12$HzY9XqQVFmlBJXEsSI3R4.IZigjnOC1Boe1JEJBn/zKMnaMjRuFcq', '13890149469', '2024-11-13 16:05:10');
INSERT INTO `sys_user` VALUES (147, '王虹欢', '$2b$12$lYl3/Xl1BjOxmDFadvOBUeJPkWpe/b2pMmkO21DVEqd8eUmCFuqRe', '13778070178', '2024-11-13 16:05:10');
INSERT INTO `sys_user` VALUES (148, '王曦', '$2b$12$1xvNuNuvOUCetHPSKxLwC.iWByQ87Gg5407P1AP7JrqyIMLqLyvZi', '13881192225', '2024-11-13 16:05:11');
INSERT INTO `sys_user` VALUES (149, '赵欢欢', '$2b$12$HPG13v3i0RzhxZb7.lvN1OXrLzEx4O3eoDULbLq/z/PNZeZCNgG6i', '13668339880', '2024-11-13 16:05:11');
INSERT INTO `sys_user` VALUES (150, '钟德斌', '$2b$12$rGQ/RgHoJ/6N/nGn4JhXp.9egx8s3/ds0lEY3GobCtnGCEjy/JOt6', '13568260099', '2024-11-13 16:05:11');
INSERT INTO `sys_user` VALUES (151, '朱振宇', '$2b$12$sQdnkvitVB9gdZuwF923l.7aKKdmqroFxY7dZ3oVFNhmVGcHB823.', '13990142255', '2024-11-13 16:05:11');
INSERT INTO `sys_user` VALUES (152, '龚拯', '$2b$12$K4GK90onvKMBu0TGnj.ZMOGxn5J0ZPsf1r8pIkfUkrMR4EkrSAzhm', '15228773117', '2024-11-13 16:05:11');
INSERT INTO `sys_user` VALUES (153, '何云峰', '$2b$12$7WagIbti9OK73w.wZUKLmOs8F8UGlPenYwdi7LQXsgUtqLKtP9UcW', '13908117401', '2024-11-13 16:05:12');
INSERT INTO `sys_user` VALUES (154, '李德伦', '$2b$12$lf8Wm5OCazmEUhhUGcCyGeBA1IZMyRhkGol5FpO7JVAj4BA1m73F.', '13990167377', '2024-11-13 16:05:12');
INSERT INTO `sys_user` VALUES (155, '王东升', '$2b$12$eV8U9PVChwRr17qPZ9LL..CBB61Ldhi5eWIFbJMviP4PfkXLfPJLa', '13890183610', '2024-11-13 16:05:12');
INSERT INTO `sys_user` VALUES (156, '张成伟', '$2b$12$reiNy10MyokCj4h13xvX5OX0ePPtLI5w003D3c/C31SJMgBLomTWO', '13881193670', '2024-11-13 16:05:12');
INSERT INTO `sys_user` VALUES (157, '谭运刚', '$2b$12$0LNr8nBDOkKIxVyrAP045O/vmQCEjLNMVcBPG3RdJrTvT5zOBqdT2', '13404000338', '2024-11-13 16:05:12');
INSERT INTO `sys_user` VALUES (158, '叶友刚', '$2b$12$FKRF8DpBj08xOXh1BRc/4u/EIfpVOY/PG5//C1jMbiOvsogA56u72', '13981156042', '2024-11-13 16:05:13');
INSERT INTO `sys_user` VALUES (159, '张邦民', '$2b$12$4nBD426reNDy/Dj7VecL0OJzCUuKQxiqBPPilrsUSJl.kn5f1Qv9q', '13698123295', '2024-11-13 16:05:13');
INSERT INTO `sys_user` VALUES (160, '张洋', '$2b$12$sBjEIqUY4yOcbHOzYQ5DtO91nIoIMFjSGPbEejsyE5d.QKxSRE0EG', '18781129075', '2024-11-13 16:05:13');
INSERT INTO `sys_user` VALUES (161, '王忠林', '$2b$12$cKX9Q5HhG5VOimwzeiAryu1vtU1ghnTJVQG.GnSmSvoI5fy9LbXkq', '13890118104', '2024-11-13 16:05:13');
INSERT INTO `sys_user` VALUES (162, '王文军', '$2b$12$0/5ePURSFuzV5yzUQ6nYcOJXO6JzGrSxLI96F4LNp9IX7Bzzr9VPG', '13890156521', '2024-11-13 16:05:13');
INSERT INTO `sys_user` VALUES (163, '王杰', '$2b$12$euJi2yoQOO76CXC6CkPmQeOS7nU7coUjiR0dRF89pmNs5RG8g9UGO', '18781100670', '2024-11-13 16:05:14');
INSERT INTO `sys_user` VALUES (164, '母志东', '$2b$12$ISCNUxuE9qnHgg2nRysQkuutXCSkMtMyIdO0Mc580N0MswWvbOmWi', '15884640668', '2024-11-13 16:05:14');
INSERT INTO `sys_user` VALUES (165, '李锐', '$2b$12$daNo1KuFftp7sV11mMk25e60SQrSWM9l8HV.A1lEvQPt9nXekwbjW', '15884659993', '2024-11-13 16:05:14');
INSERT INTO `sys_user` VALUES (166, '李毅', '$2b$12$Zue.et55TuU6kRVrG1rZa.gJCe02cO4E7ShpsjvcCVGvWK3HKLJ92', '13980122050', '2024-11-13 16:05:14');
INSERT INTO `sys_user` VALUES (167, '蒲长清', '$2b$12$FagWwIV/8K4dppHvg.CRJuDsPbDnfXzvDbXs.og2AzOGWfiv5kqXO', '18380573475', '2024-11-13 16:05:14');
INSERT INTO `sys_user` VALUES (168, '周明', '$2b$12$5PuGd5PxkgKzLDyS5sGjqeN5pQzUWVTl.YNmQJzn4qQSnAfjWg99y', '18780476797', '2024-11-13 16:05:15');
INSERT INTO `sys_user` VALUES (169, '张勇', '$2b$12$UyNJsQLng4ARte7lxVUwJuZE5TV.pGEPR6bsjfAcdY5nq/i.BAh0O', '13981102150', '2024-11-13 16:05:15');
INSERT INTO `sys_user` VALUES (170, '雷雨', '$2b$12$RhKzf.63VBcVajzdOdFn1.pNEkocLiWHn2oj1cRbEo/I2eiBMbuYC', '13408107714', '2024-11-13 16:05:15');
INSERT INTO `sys_user` VALUES (171, '赵林', '$2b$12$HTWds2KQvaI2KCqEVeyBRumU1gyQsjCD2fhzRaJ1DmBBEAPJ6IhwO', '15884683056', '2024-11-13 16:05:15');
INSERT INTO `sys_user` VALUES (172, '杨敬彬', '$2b$12$T0y.YSoJXFFXq67stSlnkewIXdKwjPuFw/fiBR0rHVecwyOavAg6i', '13989290404', '2024-11-13 16:05:15');
INSERT INTO `sys_user` VALUES (173, '田勇', '$2b$12$hpdUVQYuQQYdaDKg4mMcl.AaJNQTaafsfzAF4f5lId.hsU3o./WVm', '18780407555', '2024-11-13 16:05:16');
INSERT INTO `sys_user` VALUES (174, '黄军', '$2b$12$6QaBpL3NhptXD1B6el9J8eGvxw50RklEAp/jLfBriazesZi/lIIyq', '13881168133', '2024-11-13 16:05:16');
INSERT INTO `sys_user` VALUES (175, '何理', '$2b$12$8GgwcS20YiHOw/Qbs/NNg.yr7rTJeHUULMgf9gClB2hbq03XLQUO.', '18781688827', '2024-11-13 16:05:16');
INSERT INTO `sys_user` VALUES (176, '谌登均', '$2b$12$KtcEDexLppIelUCgZk/zFeUtzgSrp8G/70aAS2rig8AYDsTdJG/9C', '13778111451', '2024-11-13 16:05:16');
INSERT INTO `sys_user` VALUES (177, '曹宇轩', '$2b$12$46vQG4HehquTjlTB7GMOU.OrTiptVfE2S3f1aPk2PAKHwbKSCEJfS', '19881622136', '2024-11-13 16:05:17');
INSERT INTO `sys_user` VALUES (178, '谢立', '$2b$12$dLF1IPqXP.9UgupYFuDsvO38eVOGCCyR8/6dAQW6TzfafWTgAQfQC', '18780570770', '2024-11-13 16:05:17');
INSERT INTO `sys_user` VALUES (179, '汪飞', '$2b$12$fLLLdDTT2W1hrHlFW.s4uuzFGzAvgQcrDHpm.jjo5CLmXuu52jylO', '18781179966', '2024-11-13 16:05:17');
INSERT INTO `sys_user` VALUES (180, '苏怀杨', '$2b$12$QtsPumc.mzOAXJy4gqIRduOQFD5JHxt4c3g8eODPyUsEf/ElbvDia', '13541765095', '2024-11-13 16:05:17');
INSERT INTO `sys_user` VALUES (181, '欧庆忠', '$2b$12$j4AbL8rBEENHRFsyihPS6.VXzs.nzHG7Z0Iqvgxmg/oGc3.SVwHqq', '13908113038', '2024-11-13 16:05:17');
INSERT INTO `sys_user` VALUES (182, '罗琪琳', '$2b$12$M3jWfc82ganXGLtkOAqajeVVGPz4uMRmSjXjEzXFers57xUeCkZc2', '15892642334', '2024-11-13 16:05:18');
INSERT INTO `sys_user` VALUES (183, '陈诚', '$2b$12$pD56U8Ms9AP5MNv54r39gOtLoqR6Up325RtJRHgJt0sjqvUQsMCoG', '15228303274', '2024-11-13 16:05:18');
INSERT INTO `sys_user` VALUES (184, '任忠君', '$2b$12$IoVYUqp.E60VN/ihFrO6V.gDyctzVh63NhVFOqb2Gz0Bom81PV/Te', '18781145683', '2024-11-13 16:05:18');
INSERT INTO `sys_user` VALUES (185, '郑晓东', '$2b$12$wB2oWwTP9S13t2R/NJ2hTu7pMW6nkGqZOu6Sm4.jOJ/1SvihiNUFe', '13981127763', '2024-11-13 16:05:18');
INSERT INTO `sys_user` VALUES (186, '陈文树', '$2b$12$tIbQpKNx2X8cWZv37AP/WO6WYwfoooXm2T9wSmWJJvNMMtFLpCFfq', '13518309139', '2024-11-13 16:05:18');
INSERT INTO `sys_user` VALUES (187, '尹明武', '$2b$12$a9XcmPhIc9nN.gZ.FihBzOl54VhrpUfRM.KS/SAswV4s75tqC6SBq', '15182327285', '2024-11-13 16:05:19');
INSERT INTO `sys_user` VALUES (188, '周伟民', '$2b$12$puj35/8YtflAsMvVgtdGVO55px5P5bbwkYldRXOb8PFaNluvEXbBm', '18881612886', '2024-11-13 16:05:19');
INSERT INTO `sys_user` VALUES (189, '姚清逸', '$2b$12$owNI1owv2GUVoYDI9I4sEuryV1twHeQNMjRdAbDCz1dIDb8obVnWu', '15182378213', '2024-11-13 16:05:19');
INSERT INTO `sys_user` VALUES (190, '李茂林', '$2b$12$Vxa.WLLmIqOPpOS7EB1G0Of4/y4YKcPgMIHTYd4g561oaS/tnZRUC', '15882889255', '2024-11-13 16:05:19');
INSERT INTO `sys_user` VALUES (191, '罗强', '$2b$12$pbeIi3gCY/t.4uJwrv5mdOyb1BAkZu.CcDvbuTJJUsR0Z4VMmdc/m', '15892672693', '2024-11-13 16:05:19');
INSERT INTO `sys_user` VALUES (192, '梁俊', '$2b$12$xzZ/orVMkI3BwV7K4zZp3OW8CE85ZTg9cqX5NPd/17Ik28vhescKm', '18780566479', '2024-11-13 16:05:20');
INSERT INTO `sys_user` VALUES (193, '顾磊', '$2b$12$pSX7zNFLldLCWoD/vJp7MeZXohgWqHHU54WbdXMc2Nk.HYAne68Si', '13699633171', '2024-11-13 16:05:20');
INSERT INTO `sys_user` VALUES (194, '许孝斌', '$2b$12$oZsShdNfMytuPNrpksdqq.qw.QSNtVHygY4zdvHVPSvaGu4vYuCLW', '13890110750', '2024-11-13 16:05:20');
INSERT INTO `sys_user` VALUES (195, '赵其龙', '$2b$12$H1TNT8VV.huaa0ZWsFNOIOPU3ajLTlrO7bfv9g4M30kDR5o5WDw2y', '13548422207', '2024-11-13 16:05:20');
INSERT INTO `sys_user` VALUES (196, '王晓东', '$2b$12$VS4ju0eH3f/Bj3Lc8EHqc.eCSnYrQlHjqVwfkVB8QPi/w.GpYy1eO', '13990162059', '2024-11-13 16:05:20');
INSERT INTO `sys_user` VALUES (197, '刘光辉', '$2b$12$ay7/TvSFDiVpxSXNzap/t.4rPUieGSe4CvKmhKWQn0IKLiTEY.9qa', '13548442899', '2024-11-13 16:05:21');
INSERT INTO `sys_user` VALUES (198, '康宏', '$2b$12$yvWbHY731G6mgGi2FObAcu8qor./2qGSccway8wd6wdKB.7Vv8h0K', '13890128095', '2024-11-13 16:05:21');
INSERT INTO `sys_user` VALUES (199, '王超', '$2b$12$pMOsp8g6959mJ7fAwCVIfOrgGMvdLglX.whWH3SzZ.JjgBkUyDOfC', '15281166408', '2024-11-13 16:05:21');
INSERT INTO `sys_user` VALUES (200, '宋朝强', '$2b$12$w/Zxpu.H.d8IyhDhzgjmZ.cEozZUyU77C2j5pHcr0fw0NpqZMKGfm', '13881185887', '2024-11-13 16:05:21');
INSERT INTO `sys_user` VALUES (201, '赵民', '$2b$12$2MoC.oykj6wZVhlQFOHQruAukA9F3xWWa2.0xap3AJyqp/JKmnkzO', '18781625826', '2024-11-13 16:05:22');
INSERT INTO `sys_user` VALUES (202, '岳长江', '$2b$12$.PsM9yPj6kQGHBxDiqQ5ROeTOel/u/typBWocMYaliYgCtlUioDoW', '15882860578', '2024-11-13 16:05:22');
INSERT INTO `sys_user` VALUES (203, '何杰', '$2b$12$VDEoTzveNDF6ejjaqaIRrObR1Dext0Ty.sNkcy8huZrU6HBB/nKjW', '18281698163', '2024-11-13 16:05:22');
INSERT INTO `sys_user` VALUES (204, '沈成', '$2b$12$GpXWclzzFZCN4HLVwucpV.pJqLc33qivaax2s/v/hHGBsLBIIDode', '18281969070', '2024-11-13 16:05:22');
INSERT INTO `sys_user` VALUES (205, '薛源', '$2b$12$0cf5yfZkz2IyjNcYUhbUQeyPozycaAbvhOBjs5KudA9siU0JaSwAS', '15182314633', '2024-11-13 16:05:22');
INSERT INTO `sys_user` VALUES (206, '阳昌斌', '$2b$12$OzTFnEEQjZhGVC7Coj/JJOuH02PpYNDbdty6RCFbXRdSmD6KB3B.e', '13778081733', '2024-11-13 16:05:23');
INSERT INTO `sys_user` VALUES (207, '嘉雪斌', '$2b$12$24zZPkzOM0S812zWgWpTQegS8pRHgAT/RN8.sLSAfSb8jmiB1VvrC', '15892627972', '2024-11-13 16:05:23');
INSERT INTO `sys_user` VALUES (208, '白峻玮', '$2b$12$oXX5x6AP9aMuvovnPQBoWeXw98IeJ7fCVKv1lOngLDeqhBwPPceW6', '15228736981', '2024-11-13 16:05:23');
INSERT INTO `sys_user` VALUES (209, '夏世兴', '$2b$12$nCJDMZvv23Q7tRzd4WTJ3eHm6isWAjlb4WDMTBhvK4HXZD69UdcU2', '14781611881', '2024-11-13 16:05:23');
INSERT INTO `sys_user` VALUES (210, '吕明', '$2b$12$rxqXnf9z.rHMLJwAqGLfAO9l/7bkFL/b05.z2nPjpU4qiN7uxM1pG', '15008471125', '2024-11-13 16:05:23');
INSERT INTO `sys_user` VALUES (211, '宁国相', '$2b$12$I8WiDvf7IJR.pNaDUUAnzeORC7MuFmpzxA2y1SujfilE2yV2coGgq', '13989278568', '2024-11-13 16:05:24');
INSERT INTO `sys_user` VALUES (212, '王庆', '$2b$12$Z1GUHJWTIL031DgSVTFT2umXn0smwjfa4ugd1TuyduIvQIznAu8zC', '15882851191', '2024-11-13 16:05:24');
INSERT INTO `sys_user` VALUES (213, '熊映科', '$2b$12$1QDIKo6MFnFBF7xC7L4H..XPsHX1fVXBIjzwccIcCDhSGpnnPxxKS', '13778070478', '2024-11-13 16:05:24');
INSERT INTO `sys_user` VALUES (214, '王瑞', '$2b$12$amzEobKPDQj48oUMEyfD2O5SCCv4SBCrPZq0cYXRuW2xg29E1qn/C', '18780372939', '2024-11-13 16:05:24');
INSERT INTO `sys_user` VALUES (215, '唐明王', '$2b$12$NidAQg8of8VIQhhNtXAo8ufajzmqGEl7WEyimog47edvPMsU/zULW', '15182486823', '2024-11-13 16:05:24');
INSERT INTO `sys_user` VALUES (216, '钟九林', '$2b$12$MtAtYm0Ias4fp5gG/WrgSuimjhFHfqAyXpdIEgiJaFjUlt8jw2H1G', '18011135897', '2024-11-13 16:05:25');
INSERT INTO `sys_user` VALUES (217, '王中强', '$2b$12$sk26tGAUc8PuH7GeOjoY9O3SWwMbSy3wRFR0PBam/GIdvKrqW7TAO', '13684006473', '2024-11-13 16:05:25');
INSERT INTO `sys_user` VALUES (218, '石鑫', '$2b$12$tQ7RVj4bfghmxPt8ezEYT.xMtx2EIOv7ICviwLe7Fx0RDmU5TMFKW', '13795768151', '2024-11-13 16:05:25');
INSERT INTO `sys_user` VALUES (219, '李景', '$2b$12$Z8Dhj58IEwycS2jslbuv8ui8ghpG0u6LmKjOGbfR8cfRH/NLayl8m', '18781193155', '2024-11-13 16:05:25');
INSERT INTO `sys_user` VALUES (220, '宋韦林', '$2b$12$ZWzB.etUUmfJvoYIRrMIR.ge5fPyuOWCSJRoyn/8QCbV8du.YTEXa', '13990182118', '2024-11-13 16:05:25');
INSERT INTO `sys_user` VALUES (221, '张强', '$2b$12$/EZbSJ15XYo/RgJmp1HErujpCnMwWyZ1gyOoSdTvNSe2t5DMN4rtq', '13548442418', '2024-11-13 16:05:26');
INSERT INTO `sys_user` VALUES (222, '石强', '$2b$12$zrGAzpKlvaX.pSC569gEXOV//L2.mcCu26/GXzoBNk7mFUiVHXney', '15182344011', '2024-11-13 16:05:26');
INSERT INTO `sys_user` VALUES (223, '冯大程', '$2b$12$3rHqL.hYP3V/WVt8MT0rJOakHmtMRmpcd2e/hu/u/wUktkMZNgCPO', '15892658881', '2024-11-13 16:05:26');
INSERT INTO `sys_user` VALUES (224, '廖富强', '$2b$12$xTmN8SaCqMSLAZXMcaXJ2u3.TQl1RzmClfsK6zMqPBAjOI/repwme', '13568270024', '2024-11-13 16:05:26');
INSERT INTO `sys_user` VALUES (225, '刘波', '$2b$12$nrj/B6yN/w.edRKUuqfHKOOdKo/JfaGJ/7YTYFv/W77CN801Xomoa', '13981298912', '2024-11-13 16:05:26');
INSERT INTO `sys_user` VALUES (226, '阳剑', '$2b$12$/BCvO8ixk4GIzlw2TuoTxeTA4SvS8MAHkXqUp9zwZSlfweEqFuVMe', '13981255885', '2024-11-13 16:05:27');
INSERT INTO `sys_user` VALUES (227, '何鑫', '$2b$12$b.tRvnHL8KgBn5hDi7UYD.GAa3rr1uOZKkaTKgMbvytjSbzNZfEba', '15182429306', '2024-11-13 16:05:27');
INSERT INTO `sys_user` VALUES (228, '张冬东', '$2b$12$0U5u4omC3.ppau99PZm92eK.ykTVEflQs.ndeZP2N/hd1Grx6QGzG', '15882865473', '2024-11-13 16:05:27');
INSERT INTO `sys_user` VALUES (229, '范庆', '$2b$12$v7Xq9oU51dMBDUYL.EnLh.gqN.pjR9JIyfkW4bhCHLEeEZyt492Xi', '13699603883', '2024-11-13 16:05:27');
INSERT INTO `sys_user` VALUES (230, '李旭健', '$2b$12$yenWuHnLvKq4jC.t8Ur1OeoCgphDY6Y7/JV5rfnEn2dZu/KOR0rP.', '13890462513', '2024-11-13 16:05:28');
INSERT INTO `sys_user` VALUES (231, '薛鑫杰', '$2b$12$su8UTjQHqmZWjqR2KuJ6c.5HyM.2EYUQ1P2Jwv2Rzyn8mEp4HJ0p.', '15882850500', '2024-11-13 16:05:28');
INSERT INTO `sys_user` VALUES (232, '刘小亮', '$2b$12$HSXKn4sB56dKsdlo5BCYmOAsyZoRwDL3c9OFec9iHaeuODe00g2D2', '18781163049', '2024-11-13 16:05:28');
INSERT INTO `sys_user` VALUES (233, '余帅', '$2b$12$JQSrqXvvuOAqNjjYdItiU.ONS3ZA6lgnZQVLsPRRH/gq0x8RzizN2', '18381693044', '2024-11-13 16:05:28');
INSERT INTO `sys_user` VALUES (234, '白志超', '$2b$12$sHXAE6l0QzdWRnCg5GncQOoKKUp8XA1jKnIkrOCLY2aRgdBkReMM6', '17709066677', '2024-11-13 16:05:28');
INSERT INTO `sys_user` VALUES (235, '汪志鹏', '$2b$12$0ap3OTALLvjsFqbSxK70DOAdAxpLqt9frbb6gJett0wAJM662eUwW', '18190667658', '2024-11-13 16:05:29');
INSERT INTO `sys_user` VALUES (236, '李毅', '$2b$12$mmwQj1hA.RDzi/1yixgUUeY/MhZ5arMw2n9IJ2aLulAFXUGHHGJG6', '13881255333', '2024-11-13 16:05:29');
INSERT INTO `sys_user` VALUES (237, '王品睿', '$2b$12$wrL9S0YKs7YTu/6XOTSH3.0At6PfRcfr9ZhJtMnGafJEjbUKW0rRK', '15881657768', '2024-11-13 16:05:29');
INSERT INTO `sys_user` VALUES (238, '刘飞', '$2b$12$5YimpOc5urDNUl0AAXmZC.Te2n5/e6riTiguWm8kJvQJlu3QgJUti', '15228386894', '2024-11-13 16:05:29');
INSERT INTO `sys_user` VALUES (239, '杨运刚', '$2b$12$qEwSNK7.H5LrmGhZJGf6y.buLrbXh5gIovp9E3Ib5weI3dBLahs4.', '13881114618', '2024-11-13 16:05:29');
INSERT INTO `sys_user` VALUES (240, '唐作荣', '$2b$12$FqbS.r.2sdIouHlz7bZ0c.QlmUxTGqirCqVJeAegQ9LP1NKF3up.W', '13778126436', '2024-11-13 16:05:30');
INSERT INTO `sys_user` VALUES (241, '王鼎', '$2b$12$u7v0Aip348Q5okOineGk0e9xslE0i9Z3mwcYv.POktI7K/7Ne0/N.', '18780324520', '2024-11-13 16:05:30');
INSERT INTO `sys_user` VALUES (242, '韩军', '$2b$12$DcRfrA90c9IV.zO5RLUgre3nRtSI/FZt5.S2067Kcn.2q0wz3uBXO', '13558990088', '2024-11-13 16:05:30');
INSERT INTO `sys_user` VALUES (243, '霞强', '$2b$12$QsI5HkGQ4BBD0n0.50iVSexKpPCGZqekyIo6hFFE87EepCNAFThnW', '15881434040', '2024-11-13 16:05:30');
INSERT INTO `sys_user` VALUES (244, '邱吉', '$2b$12$oWeGgIh1v6p1I8Vc1ksjw.AP9WpCdFr.3Uj9A3yOtO9ySGq9E0VBm', '13158887807', '2024-11-13 16:05:30');
INSERT INTO `sys_user` VALUES (245, '肖磊', '$2b$12$jaFk2UcRUF4I/TXDTWdsheBKpOCK3a9Yur05CL3UxrXQePKj5ryyi', '15882870610', '2024-11-13 16:05:31');
INSERT INTO `sys_user` VALUES (246, '王兴垚', '$2b$12$8BhxAw4JoUeVVv2Sx.nqfOVBWmsPQ.hZ17HvlUvR0SA6099TBSW4a', '15281633717', '2024-11-13 16:05:31');
INSERT INTO `sys_user` VALUES (247, '郑忠华', '$2b$12$VPyr5FyCcHaBSRe90.DqGeqOoLrN1ALBCJ.H5YquWfB08W7f9Y0FC', '15908204300', '2024-11-13 16:05:31');
INSERT INTO `sys_user` VALUES (248, '薛显华', '$2b$12$bUFPaaypkyeLQ7JkuyoxmectHEoWSoOCwERE2xFEMcr3T6QyB/4AO', '13890105509', '2024-11-13 16:05:31');
INSERT INTO `sys_user` VALUES (249, '李建保', '$2b$12$wPPAJRnBhsVizlVdoQf44u5ZLEx37AjXflOQAJKALdIiQ/UdTTdhe', '13981144445', '2024-11-13 16:05:32');
INSERT INTO `sys_user` VALUES (250, '唐略城', '$2b$12$cfs0NxVnBcSNH8c5XEROsuIzb4T6Mu2cYccxT5mSjNfqaYEacFrgy', '15281172308', '2024-11-13 16:05:32');
INSERT INTO `sys_user` VALUES (251, '牟宇', '$2b$12$VFtSTirMXPVzjjehN.TRhuoSZrGj8qC2QC9AZr6VE8eIdPq6NPGS2', '18048188253', '2024-11-13 16:05:32');
INSERT INTO `sys_user` VALUES (252, '陈龙', '$2b$12$7XCjrnpSLPsucqlkmPXMKubQroUobNZAvwEmyBJlaKU/IlTZI4iYu', '18780573701', '2024-11-13 16:05:32');
INSERT INTO `sys_user` VALUES (253, '蒲长清', '$2b$12$PQMQbGnAmknwujsxGd6fTOe0PnDW6wt/iLjiQIsn.aFztRINrgTOq', '15082557132', '2024-11-13 16:05:32');
INSERT INTO `sys_user` VALUES (254, '余晓印', '$2b$12$aOSOBTD.1WdBfpnVuGtrN.57nHWuwlbiCwPezDBRHtTBlyn6fHkiK', '18224481730', '2024-11-13 16:05:33');
INSERT INTO `sys_user` VALUES (255, '唐强', '$2b$12$d9njiRJ29ubvIsD1qpEhveL6CaLiyRCQHONwN6LnKj1JFSDR.KXZa', '15228789958', '2024-11-13 16:05:33');
INSERT INTO `sys_user` VALUES (256, '曹银', '$2b$12$sZYmqE4ddP9KgVggrqBk3emfrytia6JlGwHDycwqjMllViTpbSSvu', '13980146178', '2024-11-13 16:05:33');
INSERT INTO `sys_user` VALUES (257, '李天亮', '$2b$12$8pYLnkEdKjTdp.Rv/KLq3u25I.uR7ciAYmhApV/W9som4XITLMnwC', '15760435136', '2024-11-13 16:05:33');
INSERT INTO `sys_user` VALUES (258, '赵力', '$2b$12$GrNHxNrH8lPGyeeUfVAkveWFNdYFXlvDbwE4pSiGDPd5r7kUk35ce', '15284039886', '2024-11-13 16:05:33');
INSERT INTO `sys_user` VALUES (259, '窦凯', '$2b$12$HbLbLrXBBochHaOmNoE6nOYnWfW.doVp7cgGux80OxGBaJ.yIqrsO', '18281972226', '2024-11-13 16:05:34');
INSERT INTO `sys_user` VALUES (260, '任松涛', '$2b$12$hbEbajwxHNfQWeGEYIOLX.ESvnO2B4jyn3T5K6Y2fDlsHU0h0pSNy', '18780381091', '2024-11-13 16:05:34');
INSERT INTO `sys_user` VALUES (261, '肖伟', '$2b$12$khEwgIJIHEgV4zMx3I.Pvur21X0BgwQh3maROVfRdeE4kjNpFn80C', '15281670593', '2024-11-13 16:05:34');
INSERT INTO `sys_user` VALUES (262, '张森龙', '$2b$12$AVVGTzivQzPsD6CDjASn9ODRNQN4o5f.ce8zuP0CualQlWsmZZI5e', '13408101180', '2024-11-13 16:05:34');
INSERT INTO `sys_user` VALUES (263, '李虎', '$2b$12$81LFQEKJROD8ZwzslCxc6e/JCigvyG0WEQydz/6bg1BrJxHCtJj1.', '15280958545', '2024-11-13 16:05:34');
INSERT INTO `sys_user` VALUES (264, '肖泽军', '$2b$12$h/f9XTV1LrVujGsuXHAvLeDG1nzD/BAubj934zHrSh4mYGJx8ZfuO', '18808115895', '2024-11-13 16:05:35');
INSERT INTO `sys_user` VALUES (265, '李冬', '$2b$12$au04lOdBXJ0jONgL1R8BWOFfcQITH2zC3mZ7YX8tiqynnLZPNmzEW', '15528588860', '2024-11-13 16:05:35');
INSERT INTO `sys_user` VALUES (266, '郑善雄', '$2b$12$zidOnppeDvkiq5WByKo39O.fzms94vj0b2gRl7wLFKNBPlYz..BFK', '19960438086', '2024-11-13 16:05:35');
INSERT INTO `sys_user` VALUES (267, '袁文', '$2b$12$Q8LMcQv/fSSI1QmlZftoke8w1lQ/zBd.5Ay/wZTJ6hKCeHzke4FEG', '13881179061', '2024-11-13 16:05:35');
INSERT INTO `sys_user` VALUES (268, '张若兵', '$2b$12$NEG5oO5ot0Wy4Ur1cc0/E.54g/0Pp/t40KDuXYtucN1xsr/hJhQPW', '18784012799', '2024-11-13 16:05:35');
INSERT INTO `sys_user` VALUES (269, '温飞', '$2b$12$7MC/GMXSZtIwBR1eHsuEYeIwx2ldikrAQbK6xNblBR7LF3Fc272BK', '13858854638', '2024-11-13 16:05:36');
INSERT INTO `sys_user` VALUES (270, '李富昌', '$2b$12$36NexrloYH8LKKsyo0JMQus2Aymm58K9OsZ/wVj9Be6EsKKSb3MqO', '18784057952', '2024-11-13 16:05:36');
INSERT INTO `sys_user` VALUES (271, '代杨', '$2b$12$jADEZqQmbQvTDnJWqQqR7eFJJp3k4nvPr4.X91yPk5Q0sP5BYohCO', '13981170115', '2024-11-13 16:05:36');
INSERT INTO `sys_user` VALUES (272, '陈伦杰', '$2b$12$6tfNzUOVtzjgRdg8Xc90M.pi/ItDY1fcc2Optzkxh/NUBs7eKIRQ.', '13990119853', '2024-11-13 16:05:36');
INSERT INTO `sys_user` VALUES (273, '戴湘萼', '$2b$12$SQt19m2CwZDSWFUG3I.qMu.fmCZjoIkn5RkxlqHoD/SWC2YVzrTzS', '17738420324', '2024-11-13 16:05:37');
INSERT INTO `sys_user` VALUES (274, '赵思宇', '$2b$12$ICmhfwuJSibufsMIU50ykOWOnJ51066UrWAssgQwXGzmvJNQgKehK', '13547144753', '2024-11-13 16:05:37');
INSERT INTO `sys_user` VALUES (275, '杨启早', '$2b$12$hNSzx1/yplpBRUX9V306we8YCs0Kx81idUmFjxtENT4SPbJcbDTB2', '13989290855', '2024-11-13 16:05:37');
INSERT INTO `sys_user` VALUES (276, '段国军', '$2b$12$ONFlmbFp..el9W7b6.cI9eV5sKjV.2sp68qoBlJHPABylm5tQrIQy', '15228312563', '2024-11-13 16:05:37');
INSERT INTO `sys_user` VALUES (277, '李云洪', '$2b$12$KbbFoj7nmpsDw.VNchhSeuuFftvZ69vWJn8cwV6313WE16cUGUw3u', '13408106927', '2024-11-13 16:05:37');
INSERT INTO `sys_user` VALUES (278, '胡超', '$2b$12$bukAqHsiVNVK8aYIBOmEB.nGi9G4/SoLE8UI.0pt1/9g2Nm4VeQVW', '18349192932', '2024-11-13 16:05:38');
INSERT INTO `sys_user` VALUES (279, '李旭', '$2b$12$VaCXI6YJQjKuuatVf9LxHOLObzWYfEKU.4CN6Xwd7V7f.WP1d2rVy', '13698138403', '2024-11-13 16:05:38');
INSERT INTO `sys_user` VALUES (280, '邓应洪', '$2b$12$luNHAd0cQbRS9sXk2ZhDSOhUc2/k774IRgj18Bcz98viPFiQbYBbW', '13981184902', '2024-11-13 16:05:38');
INSERT INTO `sys_user` VALUES (281, '杨奉国', '$2b$12$hhskmFtJH06NqEDcHBXLXucWP1ABaENYV0549OkIjFXsVYORJ.c/G', '15182414041', '2024-11-13 16:05:38');
INSERT INTO `sys_user` VALUES (282, '王玉椿', '$2b$12$87Q.fhrrlOBXrVY/UMbE/.Bo2EKWJhFcmD0LXAjvHrNh0JtGvSwX6', '18281624607', '2024-11-13 16:05:38');
INSERT INTO `sys_user` VALUES (283, '杨凯', '$2b$12$ja1Lc2KcSAhTTOhe5HN3S.q2u/SxgAUb4i/2aFaCxt2JGXAqE2wD6', '15984623913', '2024-11-13 16:05:39');
INSERT INTO `sys_user` VALUES (284, '苟建军', '$2b$12$Cq47P9ezuTgMSfk0KY1aYOs95dOa3AtCRbse7Dl1ZzxCDPZv90urS', '15182325656', '2024-11-13 16:05:39');
INSERT INTO `sys_user` VALUES (285, '禹春', '$2b$12$TtTJkY9gVToXJ4PR4Ku1k.D830DCd00bBMwma0pCmvaXljm845sl2', '13909017383', '2024-11-13 16:05:39');
INSERT INTO `sys_user` VALUES (286, '吴涛', '$2b$12$21ZTHUeXPQ1gpq5nQfrTyeTXUipxuUqNpeVLKApfIR.MxYN9Nu1bi', '13628119354', '2024-11-13 16:05:39');
INSERT INTO `sys_user` VALUES (287, '柯显虹', '$2b$12$dQ8PNqXrQMSFlq6.FeJsBurtnZKLLvPQudg/roztf3ELf4aaV5uCe', '17383372692', '2024-11-13 16:05:39');
INSERT INTO `sys_user` VALUES (288, '雷德洋', '$2b$12$MRzIPKvC6oKZ3BBJZDMECOM/wrI7uaK9rjKeRgRzZiPHruXPzKkR2', '18281951263', '2024-11-13 16:05:40');
INSERT INTO `sys_user` VALUES (289, '余汀', '$2b$12$1MX8Udz6ud3/kbjHjvxGcuz1fsvCtHDyLptHipPsuZm0Svj6p4gUG', '17381161003', '2024-11-13 16:05:40');
INSERT INTO `sys_user` VALUES (290, '文昊', '$2b$12$tLY8UK5eHpc5ityOKAETJOlliXXQWI9jNaBdZY.FTzkcJkTi1tYUC', '19114008659', '2024-11-13 16:05:40');
INSERT INTO `sys_user` VALUES (291, '王刚', '$2b$12$sn.Zh7CUMYDSVEWYcr.JDOZpw1ltHOib.SKN13OLn0OmXwRS0YUoK', '15882794234', '2024-11-13 16:05:40');
INSERT INTO `sys_user` VALUES (292, '丁一', '$2b$12$TiE7I.Cnuk33YCMkCom6Du.KQn.3ZJc6U9Q4ZNS1RQiZh46KQGitS', '13990135163', '2024-11-13 16:05:41');
INSERT INTO `sys_user` VALUES (293, '陈钰峰', '$2b$12$dofbnjmY59nUiRCyJ5qosuRiBtbGyog0M1Dj84TAx9jsTyJREBe4i', '15884685700', '2024-11-13 16:05:41');
INSERT INTO `sys_user` VALUES (294, '黄勇', '$2b$12$1exP0v0X0Kp0X.GoPkduRe6xP5ZRYhcVywNwCNvb6LpvI1h.e8k4e', '18281428122', '2024-11-13 16:05:41');
INSERT INTO `sys_user` VALUES (295, '唐帅', '$2b$12$ytEzqbWwOqUIuKvsh6DHpOw1kwGPZfT9ggu.Epxz2q6FylbrYaTDi', '13778166285', '2024-11-13 16:05:41');
INSERT INTO `sys_user` VALUES (296, '王俊', '$2b$12$mP0Tm35t.NTKqHzH5G.W0eHnc5bA7dOyAluJjK29K6x3kxoNeIVsW', '13618117167', '2024-11-13 16:05:41');
INSERT INTO `sys_user` VALUES (297, '王兴友', '$2b$12$pr92E/8T80X6j3bnncINBOUTMf94JJhWPQggZ93l53v0wgmJA3fK.', '13778001489', '2024-11-13 16:05:42');
INSERT INTO `sys_user` VALUES (298, '王彭', '$2b$12$fFN7vsNLGaOHuSQLgrUWS.p2uJRkFwRGcexFWicUO17FAHNaB4CBO', '15983619681', '2024-11-13 16:05:42');
INSERT INTO `sys_user` VALUES (299, '瞿定洪', '$2b$12$YWcENrBMSd/A/5UojlmqnOdTDWUwvUOD5ixJHv4zqVyBuuW3QFyDO', '18281465418', '2024-11-13 16:05:42');
INSERT INTO `sys_user` VALUES (300, '邓平', '$2b$12$AWby4yXk.p4UF4w7dUKZse3/LMGyIenpeu1q7f84h82.GDM2kWbAK', '13689674882', '2024-11-13 16:05:42');
INSERT INTO `sys_user` VALUES (301, '张波', '$2b$12$FPECfIUPAG1LD1wsXFi5Oer2ZxlcRErKjydZVASWrKEKr4mmk/TEO', '13808113163', '2024-11-13 16:05:42');
INSERT INTO `sys_user` VALUES (302, '李俊', '$2b$12$bnKkCU2mkwnUM3Cy3ogsD.95TeB/YEEzB04KYAkt/VL1Z4zTa9Rn6', '15228362455', '2024-11-13 16:05:43');
INSERT INTO `sys_user` VALUES (303, '杨东', '$2b$12$0lEm61awDhA41rE.sa2s0O8NhE3v5NTfkYxc9mq6TGJ3IMt6MEoWK', '15881636311', '2024-11-13 16:05:43');
INSERT INTO `sys_user` VALUES (304, '杨永庆', '$2b$12$8jxuGjagCbdJrfsIACyzUugvcD32rGOOOGh7BZPOgvV3NGa7VWnMu', '13778036688', '2024-11-13 16:05:43');
INSERT INTO `sys_user` VALUES (305, '王军', '$2b$12$IpbnnBSpgoxtwabiEFXnpO/vuwqx1wvHWSZMIh321W3IGxWd2a.yW', '13518316800', '2024-11-13 16:05:43');
INSERT INTO `sys_user` VALUES (306, '王涛', '$2b$12$zRdrGWKGYIkXtM9ty9Y8mOTU3lYGLfVt/TCiohm.rIZa2YIAekpWW', '18281903693', '2024-11-13 16:05:44');
INSERT INTO `sys_user` VALUES (307, '何书杰', '$2b$12$zxMbv.zEmln2AAIX60ZOw.jrcziDetMyBPUrXXHwO7z3pLu.Myiku', '13880991087', '2024-11-13 16:05:44');
INSERT INTO `sys_user` VALUES (308, '杨惟鹏', '$2b$12$8WE194bc6PMnWZ1dLqVofuWNUWSUK6sksNcpJtqt4mOykveFZZf1O', '13547143210', '2024-11-13 16:05:44');
INSERT INTO `sys_user` VALUES (309, '赵强', '$2b$12$h6LOT/0sG5JtpjsudkqQY.ewQQHEJvjIgNrU4ue/MiXEYsF37jm56', '13458095222', '2024-11-13 16:05:44');
INSERT INTO `sys_user` VALUES (310, '杨林', '$2b$12$Tao.97QHut4fZUoedaEOseTZAUfw5LD/RwJkYQUw5aD3D7D8Ta/ae', '13881140328', '2024-11-13 16:05:44');
INSERT INTO `sys_user` VALUES (311, '王继忠', '$2b$12$wiKjuzARBClRTgsa/25czuEVhobTVYia6WgxHYZP97qqidJ3Ts21q', '13890127487', '2024-11-13 16:05:45');
INSERT INTO `sys_user` VALUES (312, '张鹏', '$2b$12$3l5c7Vs1YcPVIICQXTzppuXl/r69KwPLkxzbqCsqy9ioqe0RM23TS', '13990192904', '2024-11-13 16:05:45');
INSERT INTO `sys_user` VALUES (313, '谷兵', '$2b$12$gO2M1CJ3g8lxzedfsnaqueVDbz5l8n040AlR5VtG.r8Hh30jvfHCu', '15181696867', '2024-11-13 16:05:45');
INSERT INTO `sys_user` VALUES (314, '薛俊华', '$2b$12$AbPh.c3L3I85QTiHu1SWV.2Zk7sy4ZobEUddUNfqqWBqd1aWmZJOC', '13795771576', '2024-11-13 16:05:45');
INSERT INTO `sys_user` VALUES (315, '李永平', '$2b$12$1VWSEm7CiJNsFoBOucDc0.h4dItk36hbX7IJ/kySZs3rU..uHAUuW', '13778112717', '2024-11-13 16:05:45');
INSERT INTO `sys_user` VALUES (316, '严彬', '$2b$12$4cPPOCnhBX5jFy8VnKN.i.IxwU2NfLbXYxEZdbl7SIUqxw0opv6za', '15882848899', '2024-11-13 16:05:46');
INSERT INTO `sys_user` VALUES (317, '杨帆', '$2b$12$zEUsD/.oIj65oDkAiWMSYOSewQZeTDOqLBxf8sPuaRVRnCRCJU5oa', '13890192941', '2024-11-13 16:05:46');
INSERT INTO `sys_user` VALUES (318, '代甫龙', '$2b$12$Z.k22K1kFoSqApw1lHtd6O8MCpd/kCAvUcg5mu3SiTXYCzFG0rdBO', '15328239039', '2024-11-13 16:05:46');
INSERT INTO `sys_user` VALUES (319, '张柳', '$2b$12$0ZtKmtL8sDekZiWbTsZbkOgIwOCmupzgpMI0mZ72t4UgYoe0fWohu', '13558995864', '2024-11-13 16:05:46');
INSERT INTO `sys_user` VALUES (320, '李小刚', '$2b$12$iDXRDkitWiwndojFfAroZOyaJosONx7JWCoPv5slQ.fgeJekrA7ha', '15983618698', '2024-11-13 16:05:47');
INSERT INTO `sys_user` VALUES (321, '王楷', '$2b$12$hRHKwX73VOb/a7oBeaEnDexw1FFWB/xVHdTxQ7SihUZpGdSByHble', '15892620200', '2024-11-13 16:05:47');
INSERT INTO `sys_user` VALUES (322, '高飞', '$2b$12$G3WOj8xsHWkHc8nbPfsMNenzBR4aFAmvS.yKv98V8m3ba9IxkEfw.', '15082175352', '2024-11-13 16:05:47');
INSERT INTO `sys_user` VALUES (323, '徐金平', '$2b$12$DHfh9lHfDmnirsxlFsggeeP9lORSQiMu7qXT6ai.2kLWANGMuFraK', '15280914160', '2024-11-13 16:05:47');
INSERT INTO `sys_user` VALUES (324, '赵全亮', '$2b$12$8aAEW0JiGaf0F3vl5NWKu.etTrhIxAJM4Adeog5fN1523YdjPTsRm', '15228318995', '2024-11-13 16:05:47');
INSERT INTO `sys_user` VALUES (325, '赵飞', '$2b$12$wwiIQIKUIUujLbpRuQ97E.A/2gDuw5SUB/kFTkELfWdwgEW1RksSe', '18227030930', '2024-11-13 16:05:48');
INSERT INTO `sys_user` VALUES (326, '罗顺坤', '$2b$12$Jec9ifZDxiFMExlLQ2wG7u7w9m3lf7bZ98MVU7akr9/jB52AN824S', '13890148928', '2024-11-13 16:05:48');
INSERT INTO `sys_user` VALUES (327, '李永兵', '$2b$12$AvNdTxJCtCZumXV81pNBu.QyqETIkkkhYBHKG4DT6EcyNTY4aCSjC', '13981198918', '2024-11-13 16:05:48');
INSERT INTO `sys_user` VALUES (328, '刘祖双', '$2b$12$qfNz2cbN9oXdmkJqbrgdFeBdSeMnf8iPXIH9cI6T1OqR5qvQ5El6y', '13981166935', '2024-11-13 16:05:48');
INSERT INTO `sys_user` VALUES (329, '史春权', '$2b$12$y0HCONZl9GKK3GJKVFIWgulj4nYxuXLTnn/l0XxQ3G39sgwEpyAfm', '15984675085', '2024-11-13 16:05:48');
INSERT INTO `sys_user` VALUES (330, '王大辉', '$2b$12$LKMvMmi8TZ.KYBDVa7a3Cu1sgrhdFgCzSCMaQxhwpu2uNSBZ.7J8m', '13881116112', '2024-11-13 16:05:49');
INSERT INTO `sys_user` VALUES (331, '卓元虎', '$2b$12$rIjGgxJLnqVJigCc1CoareVH2THmP1FcuWKDgvq9THOLR.UtnhSIK', '13778027868', '2024-11-13 16:05:49');
INSERT INTO `sys_user` VALUES (332, '蒲谭龙', '$2b$12$taj.4UK6.SLP.TWdXakjlenzZUJyDGJMAChkgbEliKvkjvVqbgAUK', '13881135146', '2024-11-13 16:05:49');
INSERT INTO `sys_user` VALUES (333, '王绍辉', '$2b$12$Wy..gaM0QGGchlwWtsp4neIIcmfRmBfCInfmKpWaFPEYN/vVzCHEm', '13689682305', '2024-11-13 16:05:49');
INSERT INTO `sys_user` VALUES (334, '刘虎', '$2b$12$fHE2US26S6NGm3yIde9BCu2RqN7chav42qT9PGnMTUOpayfRQgGh6', '13981189270', '2024-11-13 16:05:49');
INSERT INTO `sys_user` VALUES (335, '林子杰', '$2b$12$GQXoFeuLmM9G4MkYbTFl6O4ZudTLimWI5X/y/d9671gcxQoSvN4tO', '15884691773', '2024-11-13 16:05:50');
INSERT INTO `sys_user` VALUES (336, '文玉', '$2b$12$PMt.a9Q6Eebep33ezwNq8ukTPeNKnT3fQo4BRSYHcYltb1kMTMQY2', '15196242250', '2024-11-13 16:05:50');
INSERT INTO `sys_user` VALUES (337, '何佳', '$2b$12$XcE7NkKhAObFYQ8rzd5AP.2hb0Xqtq7EfUwEyse1xn7vjhHELdxHq', '19848662826', '2024-11-13 16:05:50');
INSERT INTO `sys_user` VALUES (338, '蒋俊', '$2b$12$znsurGuhFVp0vNXWeDv14ekn4LUw5oNYE7IxyEPafvK8f0WTmffpy', '18281684740', '2024-11-13 16:05:50');
INSERT INTO `sys_user` VALUES (339, '唐凯', '$2b$12$RU26SfgqLusdZv9Nmb0Pkuk8uV402eR6aouhtVqafayqTtaHMK1vu', '13778002701', '2024-11-13 16:05:51');
INSERT INTO `sys_user` VALUES (340, '谢林川', '$2b$12$J.3sNx8YfgW0txegxofwDOhdjJuL5RMHtv9R2opFxJupNX1HbmJhe', '18281928434', '2024-11-13 16:05:51');
INSERT INTO `sys_user` VALUES (341, '张磊', '$2b$12$xl0Y19Nq9voJIYNKvvZyROpv9uRZE71SjOF35aHTWjf1xE4iEgpI.', '15281665006', '2024-11-13 16:05:51');
INSERT INTO `sys_user` VALUES (342, '游川', '$2b$12$6kd1mIk093vF9dfcqQ8JxOdmF8Oruuc0oNW2NZBtxMMHyH.UCN1SO', '18780481565', '2024-11-13 16:05:51');
INSERT INTO `sys_user` VALUES (343, '胡佳鑫', '$2b$12$nIwOxo1YWNviqJUGuB891.Bn7oJela5K69SyRJC1QuibiN2mtSfLS', '18780320381', '2024-11-13 16:05:51');
INSERT INTO `sys_user` VALUES (344, '周军', '$2b$12$YQiGQnszDa0hp0poJV8z5O.ox9wfrklIWB.MZZtP1Zp/MW6LDUcB.', '13795770034', '2024-11-13 16:05:52');
INSERT INTO `sys_user` VALUES (345, '唐方杰', '$2b$12$kfknkoE2tAMrCjKJk9laU./tL9amX6VcfUvYCWuwijiHxO6rfboWm', '15008189959', '2024-11-13 16:05:52');
INSERT INTO `sys_user` VALUES (346, '李伟', '$2b$12$wIHMCVKedOBZXOr.tDNY5.Kc6WXLgtPPlCHlWXtPQn2HSsGDYfNVm', '13458037545', '2024-11-13 16:05:52');
INSERT INTO `sys_user` VALUES (347, '李敏', '$2b$12$QdLmcr.xpjxW27/sJUSpvuFE9YlY9GGfh1I38lQdrZ1BxvF8ddCTm', '18781114599', '2024-11-13 16:05:52');
INSERT INTO `sys_user` VALUES (348, '刘浩', '$2b$12$5aah5Vkmdg615ERbcwm97uDPQnAN2KUPyi/G/BI5FFlfyYEAYmk.u', '18780363732', '2024-11-13 16:05:52');
INSERT INTO `sys_user` VALUES (349, '谌汇', '$2b$12$vug//qt7cOKeXhhjkpy5HuWBHRCHrW2sGzoQBlDhX49JI51N/.ROC', '19881664461', '2024-11-13 16:05:53');
INSERT INTO `sys_user` VALUES (350, '赵宇', '$2b$12$LNHY8udco/JbkmQhVxXcNO/qQqFZkX9y3hEiu51P1xNQKZCrjyO4i', '19981758930', '2024-11-13 16:05:53');
INSERT INTO `sys_user` VALUES (351, '赵明', '$2b$12$RNlhrbrJ6juZm2dYsikB9.R0xhCUagza6W30Tpzb.0caZe3LNCNhW', '18780326857', '2024-11-13 16:05:53');
INSERT INTO `sys_user` VALUES (352, '王辉', '$2b$12$kHKMMbhEGEOB8nstHXr3.usdj4yDDYskm1/40KhuExlZ.XQyRy4Pi', '15182328770', '2024-11-13 16:05:53');
INSERT INTO `sys_user` VALUES (353, '景中平', '$2b$12$7epYCkT7sCUvqFiqypLbpuUvm4ghl23FpSNqzXAxSx6EDkCvqLUuG', '18200580370', '2024-11-13 16:05:54');
INSERT INTO `sys_user` VALUES (354, '张帅', '$2b$12$KSSuby59jRM9k.WY6wR5eepeuUYRQCz2qoP1Rm99ps4uGU.0mPs0W', '18781630074', '2024-11-13 16:05:54');
INSERT INTO `sys_user` VALUES (355, '谢武超', '$2b$12$2ipT7RGCB5ozmdYGmvUM3eSqq37fuhecKkjoGzYfXT4UBMNtEIGx6', '15700286880', '2024-11-13 16:05:54');
INSERT INTO `sys_user` VALUES (356, '彭涛', '$2b$12$tzlvb1Zf0i01V6biv1xHluG7l/N2QilIGOSExYkHfpbMpRIXteyoW', '13628087471', '2024-11-13 16:05:54');
INSERT INTO `sys_user` VALUES (357, '李添', '$2b$12$M4f6IgTfp3tZ4QjXiR3vMei1XCr9lokSRb58WTnzEG5uB.9hp.rgG', '15182357380', '2024-11-13 16:05:54');
INSERT INTO `sys_user` VALUES (358, '李崇辉', '$2b$12$SjnoHBXjDr2TiMSXB1oOp.zCffhskVgpra4pliLwO9d0feQFeCMiW', '19583763534', '2024-11-13 16:05:55');
INSERT INTO `sys_user` VALUES (359, '肖海波', '$2b$12$BxI6PeE2m0yRcOHM0y50x.EYIqMP3b9x8o7slcm4f7X1hGS9.iaNO', '13699606188', '2024-11-13 16:05:55');
INSERT INTO `sys_user` VALUES (360, '郭强', '$2b$12$KKSsjN2/u9gly0rsQQftG.K0IDZiIkBGYfxCexR7B0Ob8nCtM6aR6', '13795954366', '2024-11-13 16:05:55');
INSERT INTO `sys_user` VALUES (361, '赵德刚', '$2b$12$AvF33oqPx1kua1axuMWt5.V6oHWvo9QHx/7BeSBpZjr1xDkPBd6r2', '15082157272', '2024-11-13 16:05:55');
INSERT INTO `sys_user` VALUES (362, '杨波', '$2b$12$0npwNk2GoZNQO03EKMyob.pt0BzKuFclCV7QXetamEvGwzgeZYsqy', '15281670832', '2024-11-13 16:05:55');
INSERT INTO `sys_user` VALUES (363, '杨尽兵', '$2b$12$lVyFOpQKMwDYoBXX4pqiReVjfmq7TGIqdT21B49z18vq5wBs27gBS', '13990149512', '2024-11-13 16:05:56');
INSERT INTO `sys_user` VALUES (364, '蒲敏', '$2b$12$Xfn8Eh6w0.PclYCGJj0BoeWdlCF9fQFWc7DVqr9RhKJD4Zf7CoXHm', '13881157088', '2024-11-13 16:05:56');
INSERT INTO `sys_user` VALUES (365, '杨仕钰', '$2b$12$urwqprXVSE1lYp9a0zHKIOjd4u3zClwPyREbkQt/4bey2Zz3sSsgi', '13696286829', '2024-11-13 16:05:56');
INSERT INTO `sys_user` VALUES (366, '李明成', '$2b$12$znmHN0C6c.JjJh/w81EWmOBZZx2VmjPopV1gSu6lwjUzGZ5T0B.rm', '15892665238', '2024-11-13 16:05:56');
INSERT INTO `sys_user` VALUES (367, '徐万忠', '$2b$12$w9WMXczlncR4fmBi5BDzxO6PtfCbXRB.WZedfBbxkg.qUOWNYoH8O', '13881164878', '2024-11-13 16:05:57');
INSERT INTO `sys_user` VALUES (368, '梁勇', '$2b$12$qgKMy22nj86W17IQQHTAEOGQ4GL6p5I81iwADOm0nujMS2y82Rquq', '13708123719', '2024-11-13 16:05:57');
INSERT INTO `sys_user` VALUES (369, '陈再刚', '$2b$12$XEdLMhu0BRwmwriU3iBRYeq1padNzLk3TzDKn42mYiETI7Dh1S0zK', '13989292186', '2024-11-13 16:05:57');
INSERT INTO `sys_user` VALUES (370, '刘波', '$2b$12$CKH24TgjvIKHveAsFsrKBOqSmHd0L6KkVG0b7t8Hm4/MJDFs86Ib2', '13881109083', '2024-11-13 16:05:57');
INSERT INTO `sys_user` VALUES (371, '罗鹏', '$2b$12$kfw/rVhiQipsSbciwHeE0eh1hXmuxkh.DmA6JW2Sy7JRKdR2gNIPK', '18780328515', '2024-11-13 16:05:57');
INSERT INTO `sys_user` VALUES (372, '孙精海', '$2b$12$K9NTBK56wYlEs1tfwDVyFO/wUf1AVJNpouB05L9WP3i3B82j5oL9u', '15228316885', '2024-11-13 16:05:58');
INSERT INTO `sys_user` VALUES (373, '李强', '$2b$12$bEFXxj7fHGl5KV.XovYb/.yFqjvkwqtswFZUGwJxQbN1Gf9feKV1m', '13350940300', '2024-11-13 16:05:58');
INSERT INTO `sys_user` VALUES (374, '汪三举', '$2b$12$XNKt.x/YAOAhrtrDO8TU7.8a7ReY3t7zCUy6e0wcL8WDZpFsv3L/i', '13696282643', '2024-11-13 16:05:58');
INSERT INTO `sys_user` VALUES (375, '何谷', '$2b$12$Qc6nY9jHAuCOjHD/soNLje1z0Uk4SAG2457kcUXmWugR6vWgDT34e', '18380550921', '2024-11-13 16:05:58');
INSERT INTO `sys_user` VALUES (376, '王崎', '$2b$12$QISQGs.JnesP5s15jNFubO9gFpolC7ovjzG.lP7r3NV/n7UXzEbUK', '18380588829', '2024-11-13 16:05:59');
INSERT INTO `sys_user` VALUES (377, '陈鸿川', '$2b$12$Stf03kiOIQSGaYavjR313O1kMYMO6/X4/PBF8BGPnEnEKsLBmM.c.', '13730711236', '2024-11-13 16:05:59');
INSERT INTO `sys_user` VALUES (378, '罗飞', '$2b$12$3ZEn/P0PL5CCNANpZ3FUfu61IjuUorHKhJLpXKS.nTgUDHaW1dOXW', '18780577991', '2024-11-13 16:06:00');
INSERT INTO `sys_user` VALUES (379, '谭均', '$2b$12$xAUH8A7q3tWCUb4sdafgWeCA0u6i7u7A/8Z/xBfJLUAhnDnu8k8Li', '15882880069', '2024-11-13 16:06:00');
INSERT INTO `sys_user` VALUES (380, '马红金', '$2b$12$QNYZhlcfcBrZUupTq.s3LeJCfOQTHZ9AkdrIGdyvo1EgXayOy8CH.', '13608122562', '2024-11-13 16:06:00');
INSERT INTO `sys_user` VALUES (381, '顾小波', '$2b$12$nUWE62QXrOfjCwx.a4TnTO1osH8LaaHjNFzeCJDY2TvyjxihpYNvm', '18780389570', '2024-11-13 16:06:01');
INSERT INTO `sys_user` VALUES (382, '马勇', '$2b$12$czWGL9CC43D/EYfTbH03mOy0t5bgzpAuoM0ebaf5Y1/KRE9uwKUNq', '15883761146', '2024-11-13 16:06:01');
INSERT INTO `sys_user` VALUES (383, '梁立君', '$2b$12$dKR8ylvGOUTt5ysFfpWwReSuF.K4sJEnZ1Hz08xw50DFf92NT8tIC', '13558994980', '2024-11-13 16:06:01');
INSERT INTO `sys_user` VALUES (384, '李权', '$2b$12$xx/vNeUecj30T4Kg8EAVPelyYb7qxf4.z6/FTgkPAi4a2MFth.gAe', '15281186737', '2024-11-13 16:06:02');
INSERT INTO `sys_user` VALUES (385, '顾利东', '$2b$12$jex32ElpNVE8gKSjau4Cj.Z3pWPJCZqICq3nDX41q70Y09g5ShgO6', '15882813822', '2024-11-13 16:06:02');
INSERT INTO `sys_user` VALUES (386, '卫洁', '$2b$12$KdpoSJWQfwMkX3YjdxIjCe5LXaNZfHzmJnlRvA714gf09ADyh31HK', '13699608681', '2024-11-13 16:06:02');
INSERT INTO `sys_user` VALUES (387, '余大友', '$2b$12$FLjrR4qRfgy2odVgLlnl8eosbo/genDBYuTM3ZhUQiK6ahJasx5Gq', '18281518001', '2024-11-13 16:06:03');
INSERT INTO `sys_user` VALUES (388, '白和平', '$2b$12$RE2Jui9wnkjVK/jtvete0uCODHNBNpY6p51in8A14dCEWGjVe9ESK', '13890104989', '2024-11-13 16:06:03');
INSERT INTO `sys_user` VALUES (389, '徐成林', '$2b$12$8q.GHMKucFo3LjY3OUnGaOHJ4TDsMCzR5tdI94p6hn83jdsG2BDba', '13658122529', '2024-11-13 16:06:03');
INSERT INTO `sys_user` VALUES (390, '谢奎', '$2b$12$S6SadvXdYKZvgT2SbNvocuS9qg5mb6gsObAZxWrgZWpGpXyvWf/4K', '13890125759', '2024-11-13 16:06:04');
INSERT INTO `sys_user` VALUES (391, '王武', '$2b$12$TfSh72XOBgh9wPfJxYoym.KnqN/9sXPkMZM/kteqvrTUNey4WJ2KK', '13881181331', '2024-11-13 16:06:04');
INSERT INTO `sys_user` VALUES (392, '李罡', '$2b$12$ccktl3brXzyIT6iPEP/NJeVZe67GUMWKXJ1soeiYWhJfOYXwMCrH2', '18781631912', '2024-11-13 16:06:04');
INSERT INTO `sys_user` VALUES (393, '李坤昌', '$2b$12$IKs9bFR1yUs/pJ/Nq29jdOpS/V9TqZ14aARXBbe/WzlyRF2PYz0ZK', '15983640235', '2024-11-13 16:06:05');
INSERT INTO `sys_user` VALUES (394, '白斌', '$2b$12$V7ZsWPPIm.RSgwOBNaLAfe.WFvgDniaJL77Ku1c.HY2XZb8gORaqq', '13458050898', '2024-11-13 16:06:05');
INSERT INTO `sys_user` VALUES (395, '张怀黎', '$2b$12$rdta588aAdBVjDYtke6ciuw81mOcVDELUu4ZNE9lHP6PtH83bLEq6', '13908117591', '2024-11-13 16:06:05');
INSERT INTO `sys_user` VALUES (396, '李春芳', '$2b$12$e96oDDPxgjLyN5FssFepGe8XUnMXNLfpp7uhmtePUEN2exDFNewPi', '13608056225', '2024-11-13 16:06:06');
INSERT INTO `sys_user` VALUES (397, '王冬梅', '$2b$12$QdOyxvEJzoFm2/x7dbt8ZOY/OgvgYfPooHnvfzhcHgv9iLmYriBZC', '18281468355', '2024-11-13 16:06:06');
INSERT INTO `sys_user` VALUES (398, '杨圳', '$2b$12$Zqyv5BPUEY9rS32QrrdHaeN.iT0wG466JhcGCISeAjQRLWokV0vku', '15884697773', '2024-11-13 16:06:06');

-- ----------------------------
-- Table structure for sys_user_role
-- ----------------------------
DROP TABLE IF EXISTS `sys_user_role`;
CREATE TABLE `sys_user_role`  (
  `id` int(11) NOT NULL AUTO_INCREMENT,
  `user_id` int(11) NOT NULL,
  `role_id` int(11) NOT NULL,
  PRIMARY KEY (`id`) USING BTREE,
  INDEX `sys_user_role_ibfk_1`(`user_id`) USING BTREE,
  INDEX `sys_user_role_ibfk_2`(`role_id`) USING BTREE,
  CONSTRAINT `sys_user_role_ibfk_1` FOREIGN KEY (`user_id`) REFERENCES `sys_user` (`id`) ON DELETE CASCADE ON UPDATE CASCADE,
  CONSTRAINT `sys_user_role_ibfk_2` FOREIGN KEY (`role_id`) REFERENCES `sys_role` (`id`) ON DELETE CASCADE ON UPDATE CASCADE
) ENGINE = InnoDB AUTO_INCREMENT = 398 CHARACTER SET = utf8 COLLATE = utf8_general_ci ROW_FORMAT = Dynamic;

-- ----------------------------
-- Records of sys_user_role
-- ----------------------------
INSERT INTO `sys_user_role` VALUES (1, 1, 1);
INSERT INTO `sys_user_role` VALUES (3, 4, 2);
INSERT INTO `sys_user_role` VALUES (4, 5, 2);
INSERT INTO `sys_user_role` VALUES (5, 6, 2);
INSERT INTO `sys_user_role` VALUES (6, 7, 2);
INSERT INTO `sys_user_role` VALUES (7, 8, 2);
INSERT INTO `sys_user_role` VALUES (8, 9, 2);
INSERT INTO `sys_user_role` VALUES (9, 10, 2);
INSERT INTO `sys_user_role` VALUES (10, 11, 2);
INSERT INTO `sys_user_role` VALUES (11, 12, 2);
INSERT INTO `sys_user_role` VALUES (12, 13, 2);
INSERT INTO `sys_user_role` VALUES (13, 14, 2);
INSERT INTO `sys_user_role` VALUES (14, 15, 2);
INSERT INTO `sys_user_role` VALUES (15, 16, 2);
INSERT INTO `sys_user_role` VALUES (16, 17, 2);
INSERT INTO `sys_user_role` VALUES (17, 18, 2);
INSERT INTO `sys_user_role` VALUES (18, 19, 2);
INSERT INTO `sys_user_role` VALUES (19, 20, 2);
INSERT INTO `sys_user_role` VALUES (20, 21, 2);
INSERT INTO `sys_user_role` VALUES (21, 22, 2);
INSERT INTO `sys_user_role` VALUES (22, 23, 2);
INSERT INTO `sys_user_role` VALUES (23, 24, 2);
INSERT INTO `sys_user_role` VALUES (24, 25, 2);
INSERT INTO `sys_user_role` VALUES (25, 26, 2);
INSERT INTO `sys_user_role` VALUES (26, 27, 2);
INSERT INTO `sys_user_role` VALUES (27, 28, 2);
INSERT INTO `sys_user_role` VALUES (28, 29, 2);
INSERT INTO `sys_user_role` VALUES (29, 30, 2);
INSERT INTO `sys_user_role` VALUES (30, 31, 2);
INSERT INTO `sys_user_role` VALUES (31, 32, 2);
INSERT INTO `sys_user_role` VALUES (32, 33, 2);
INSERT INTO `sys_user_role` VALUES (33, 34, 2);
INSERT INTO `sys_user_role` VALUES (34, 35, 2);
INSERT INTO `sys_user_role` VALUES (35, 36, 2);
INSERT INTO `sys_user_role` VALUES (36, 37, 2);
INSERT INTO `sys_user_role` VALUES (37, 38, 2);
INSERT INTO `sys_user_role` VALUES (38, 39, 2);
INSERT INTO `sys_user_role` VALUES (39, 40, 2);
INSERT INTO `sys_user_role` VALUES (40, 41, 2);
INSERT INTO `sys_user_role` VALUES (41, 42, 2);
INSERT INTO `sys_user_role` VALUES (42, 43, 2);
INSERT INTO `sys_user_role` VALUES (43, 44, 2);
INSERT INTO `sys_user_role` VALUES (44, 45, 2);
INSERT INTO `sys_user_role` VALUES (45, 46, 2);
INSERT INTO `sys_user_role` VALUES (46, 47, 2);
INSERT INTO `sys_user_role` VALUES (47, 48, 2);
INSERT INTO `sys_user_role` VALUES (48, 49, 2);
INSERT INTO `sys_user_role` VALUES (49, 50, 2);
INSERT INTO `sys_user_role` VALUES (50, 51, 2);
INSERT INTO `sys_user_role` VALUES (51, 52, 2);
INSERT INTO `sys_user_role` VALUES (52, 53, 2);
INSERT INTO `sys_user_role` VALUES (53, 54, 2);
INSERT INTO `sys_user_role` VALUES (54, 55, 2);
INSERT INTO `sys_user_role` VALUES (55, 56, 2);
INSERT INTO `sys_user_role` VALUES (56, 57, 2);
INSERT INTO `sys_user_role` VALUES (57, 58, 2);
INSERT INTO `sys_user_role` VALUES (58, 59, 2);
INSERT INTO `sys_user_role` VALUES (59, 60, 2);
INSERT INTO `sys_user_role` VALUES (60, 61, 2);
INSERT INTO `sys_user_role` VALUES (61, 62, 2);
INSERT INTO `sys_user_role` VALUES (62, 63, 2);
INSERT INTO `sys_user_role` VALUES (63, 64, 2);
INSERT INTO `sys_user_role` VALUES (64, 65, 2);
INSERT INTO `sys_user_role` VALUES (65, 66, 2);
INSERT INTO `sys_user_role` VALUES (66, 67, 2);
INSERT INTO `sys_user_role` VALUES (67, 68, 2);
INSERT INTO `sys_user_role` VALUES (68, 69, 2);
INSERT INTO `sys_user_role` VALUES (69, 70, 2);
INSERT INTO `sys_user_role` VALUES (70, 71, 2);
INSERT INTO `sys_user_role` VALUES (71, 72, 2);
INSERT INTO `sys_user_role` VALUES (72, 73, 2);
INSERT INTO `sys_user_role` VALUES (73, 74, 2);
INSERT INTO `sys_user_role` VALUES (74, 75, 2);
INSERT INTO `sys_user_role` VALUES (75, 76, 2);
INSERT INTO `sys_user_role` VALUES (76, 77, 2);
INSERT INTO `sys_user_role` VALUES (77, 78, 2);
INSERT INTO `sys_user_role` VALUES (78, 79, 2);
INSERT INTO `sys_user_role` VALUES (79, 80, 2);
INSERT INTO `sys_user_role` VALUES (80, 81, 2);
INSERT INTO `sys_user_role` VALUES (81, 82, 2);
INSERT INTO `sys_user_role` VALUES (82, 83, 2);
INSERT INTO `sys_user_role` VALUES (83, 84, 2);
INSERT INTO `sys_user_role` VALUES (84, 85, 2);
INSERT INTO `sys_user_role` VALUES (85, 86, 2);
INSERT INTO `sys_user_role` VALUES (86, 87, 2);
INSERT INTO `sys_user_role` VALUES (87, 88, 2);
INSERT INTO `sys_user_role` VALUES (88, 89, 2);
INSERT INTO `sys_user_role` VALUES (89, 90, 2);
INSERT INTO `sys_user_role` VALUES (90, 91, 2);
INSERT INTO `sys_user_role` VALUES (91, 92, 2);
INSERT INTO `sys_user_role` VALUES (92, 93, 2);
INSERT INTO `sys_user_role` VALUES (93, 94, 2);
INSERT INTO `sys_user_role` VALUES (94, 95, 2);
INSERT INTO `sys_user_role` VALUES (95, 96, 2);
INSERT INTO `sys_user_role` VALUES (96, 97, 2);
INSERT INTO `sys_user_role` VALUES (97, 98, 2);
INSERT INTO `sys_user_role` VALUES (98, 99, 2);
INSERT INTO `sys_user_role` VALUES (99, 100, 2);
INSERT INTO `sys_user_role` VALUES (100, 101, 2);
INSERT INTO `sys_user_role` VALUES (101, 102, 2);
INSERT INTO `sys_user_role` VALUES (102, 103, 2);
INSERT INTO `sys_user_role` VALUES (103, 104, 2);
INSERT INTO `sys_user_role` VALUES (104, 105, 2);
INSERT INTO `sys_user_role` VALUES (105, 106, 2);
INSERT INTO `sys_user_role` VALUES (106, 107, 2);
INSERT INTO `sys_user_role` VALUES (107, 108, 2);
INSERT INTO `sys_user_role` VALUES (108, 109, 2);
INSERT INTO `sys_user_role` VALUES (109, 110, 2);
INSERT INTO `sys_user_role` VALUES (110, 111, 2);
INSERT INTO `sys_user_role` VALUES (111, 112, 2);
INSERT INTO `sys_user_role` VALUES (112, 113, 2);
INSERT INTO `sys_user_role` VALUES (113, 114, 2);
INSERT INTO `sys_user_role` VALUES (114, 115, 2);
INSERT INTO `sys_user_role` VALUES (115, 116, 2);
INSERT INTO `sys_user_role` VALUES (116, 117, 2);
INSERT INTO `sys_user_role` VALUES (117, 118, 2);
INSERT INTO `sys_user_role` VALUES (118, 119, 2);
INSERT INTO `sys_user_role` VALUES (119, 120, 2);
INSERT INTO `sys_user_role` VALUES (120, 121, 2);
INSERT INTO `sys_user_role` VALUES (121, 122, 2);
INSERT INTO `sys_user_role` VALUES (122, 123, 2);
INSERT INTO `sys_user_role` VALUES (123, 124, 2);
INSERT INTO `sys_user_role` VALUES (124, 125, 2);
INSERT INTO `sys_user_role` VALUES (125, 126, 2);
INSERT INTO `sys_user_role` VALUES (126, 127, 2);
INSERT INTO `sys_user_role` VALUES (127, 128, 2);
INSERT INTO `sys_user_role` VALUES (128, 129, 2);
INSERT INTO `sys_user_role` VALUES (129, 130, 2);
INSERT INTO `sys_user_role` VALUES (130, 131, 2);
INSERT INTO `sys_user_role` VALUES (131, 132, 2);
INSERT INTO `sys_user_role` VALUES (132, 133, 2);
INSERT INTO `sys_user_role` VALUES (133, 134, 2);
INSERT INTO `sys_user_role` VALUES (134, 135, 2);
INSERT INTO `sys_user_role` VALUES (135, 136, 2);
INSERT INTO `sys_user_role` VALUES (136, 137, 2);
INSERT INTO `sys_user_role` VALUES (137, 138, 2);
INSERT INTO `sys_user_role` VALUES (138, 139, 2);
INSERT INTO `sys_user_role` VALUES (139, 140, 2);
INSERT INTO `sys_user_role` VALUES (140, 141, 2);
INSERT INTO `sys_user_role` VALUES (141, 142, 2);
INSERT INTO `sys_user_role` VALUES (142, 143, 2);
INSERT INTO `sys_user_role` VALUES (143, 144, 2);
INSERT INTO `sys_user_role` VALUES (144, 145, 2);
INSERT INTO `sys_user_role` VALUES (145, 146, 2);
INSERT INTO `sys_user_role` VALUES (146, 147, 2);
INSERT INTO `sys_user_role` VALUES (147, 148, 2);
INSERT INTO `sys_user_role` VALUES (148, 149, 2);
INSERT INTO `sys_user_role` VALUES (149, 150, 2);
INSERT INTO `sys_user_role` VALUES (150, 151, 2);
INSERT INTO `sys_user_role` VALUES (151, 152, 2);
INSERT INTO `sys_user_role` VALUES (152, 153, 2);
INSERT INTO `sys_user_role` VALUES (153, 154, 2);
INSERT INTO `sys_user_role` VALUES (154, 155, 2);
INSERT INTO `sys_user_role` VALUES (155, 156, 2);
INSERT INTO `sys_user_role` VALUES (156, 157, 3);
INSERT INTO `sys_user_role` VALUES (157, 158, 3);
INSERT INTO `sys_user_role` VALUES (158, 159, 3);
INSERT INTO `sys_user_role` VALUES (159, 160, 3);
INSERT INTO `sys_user_role` VALUES (160, 161, 3);
INSERT INTO `sys_user_role` VALUES (161, 162, 3);
INSERT INTO `sys_user_role` VALUES (162, 163, 3);
INSERT INTO `sys_user_role` VALUES (163, 164, 3);
INSERT INTO `sys_user_role` VALUES (164, 165, 3);
INSERT INTO `sys_user_role` VALUES (165, 166, 3);
INSERT INTO `sys_user_role` VALUES (166, 167, 3);
INSERT INTO `sys_user_role` VALUES (167, 168, 3);
INSERT INTO `sys_user_role` VALUES (168, 169, 3);
INSERT INTO `sys_user_role` VALUES (169, 170, 3);
INSERT INTO `sys_user_role` VALUES (170, 171, 3);
INSERT INTO `sys_user_role` VALUES (171, 172, 3);
INSERT INTO `sys_user_role` VALUES (172, 173, 3);
INSERT INTO `sys_user_role` VALUES (173, 174, 3);
INSERT INTO `sys_user_role` VALUES (174, 175, 3);
INSERT INTO `sys_user_role` VALUES (175, 176, 3);
INSERT INTO `sys_user_role` VALUES (176, 177, 3);
INSERT INTO `sys_user_role` VALUES (177, 178, 3);
INSERT INTO `sys_user_role` VALUES (178, 179, 3);
INSERT INTO `sys_user_role` VALUES (179, 180, 3);
INSERT INTO `sys_user_role` VALUES (180, 181, 3);
INSERT INTO `sys_user_role` VALUES (181, 182, 3);
INSERT INTO `sys_user_role` VALUES (182, 183, 2);
INSERT INTO `sys_user_role` VALUES (183, 184, 3);
INSERT INTO `sys_user_role` VALUES (184, 185, 3);
INSERT INTO `sys_user_role` VALUES (185, 186, 3);
INSERT INTO `sys_user_role` VALUES (186, 187, 3);
INSERT INTO `sys_user_role` VALUES (187, 188, 3);
INSERT INTO `sys_user_role` VALUES (188, 189, 3);
INSERT INTO `sys_user_role` VALUES (189, 190, 3);
INSERT INTO `sys_user_role` VALUES (190, 191, 2);
INSERT INTO `sys_user_role` VALUES (191, 192, 3);
INSERT INTO `sys_user_role` VALUES (192, 193, 3);
INSERT INTO `sys_user_role` VALUES (193, 194, 3);
INSERT INTO `sys_user_role` VALUES (194, 195, 3);
INSERT INTO `sys_user_role` VALUES (195, 196, 2);
INSERT INTO `sys_user_role` VALUES (196, 197, 3);
INSERT INTO `sys_user_role` VALUES (197, 198, 3);
INSERT INTO `sys_user_role` VALUES (198, 199, 3);
INSERT INTO `sys_user_role` VALUES (199, 200, 3);
INSERT INTO `sys_user_role` VALUES (200, 201, 3);
INSERT INTO `sys_user_role` VALUES (201, 202, 3);
INSERT INTO `sys_user_role` VALUES (202, 203, 3);
INSERT INTO `sys_user_role` VALUES (203, 204, 3);
INSERT INTO `sys_user_role` VALUES (204, 205, 3);
INSERT INTO `sys_user_role` VALUES (205, 206, 3);
INSERT INTO `sys_user_role` VALUES (206, 207, 3);
INSERT INTO `sys_user_role` VALUES (207, 208, 3);
INSERT INTO `sys_user_role` VALUES (208, 209, 3);
INSERT INTO `sys_user_role` VALUES (209, 210, 3);
INSERT INTO `sys_user_role` VALUES (210, 211, 3);
INSERT INTO `sys_user_role` VALUES (211, 212, 3);
INSERT INTO `sys_user_role` VALUES (212, 213, 3);
INSERT INTO `sys_user_role` VALUES (213, 214, 3);
INSERT INTO `sys_user_role` VALUES (214, 215, 3);
INSERT INTO `sys_user_role` VALUES (215, 216, 3);
INSERT INTO `sys_user_role` VALUES (216, 217, 3);
INSERT INTO `sys_user_role` VALUES (217, 218, 3);
INSERT INTO `sys_user_role` VALUES (218, 219, 3);
INSERT INTO `sys_user_role` VALUES (219, 220, 3);
INSERT INTO `sys_user_role` VALUES (220, 221, 3);
INSERT INTO `sys_user_role` VALUES (221, 222, 3);
INSERT INTO `sys_user_role` VALUES (222, 223, 3);
INSERT INTO `sys_user_role` VALUES (223, 224, 3);
INSERT INTO `sys_user_role` VALUES (224, 225, 3);
INSERT INTO `sys_user_role` VALUES (225, 226, 3);
INSERT INTO `sys_user_role` VALUES (226, 227, 3);
INSERT INTO `sys_user_role` VALUES (227, 228, 3);
INSERT INTO `sys_user_role` VALUES (228, 229, 3);
INSERT INTO `sys_user_role` VALUES (229, 230, 3);
INSERT INTO `sys_user_role` VALUES (230, 231, 3);
INSERT INTO `sys_user_role` VALUES (231, 232, 3);
INSERT INTO `sys_user_role` VALUES (232, 233, 3);
INSERT INTO `sys_user_role` VALUES (233, 234, 3);
INSERT INTO `sys_user_role` VALUES (234, 235, 3);
INSERT INTO `sys_user_role` VALUES (235, 236, 3);
INSERT INTO `sys_user_role` VALUES (236, 237, 3);
INSERT INTO `sys_user_role` VALUES (237, 238, 3);
INSERT INTO `sys_user_role` VALUES (238, 239, 3);
INSERT INTO `sys_user_role` VALUES (239, 240, 3);
INSERT INTO `sys_user_role` VALUES (240, 241, 3);
INSERT INTO `sys_user_role` VALUES (241, 242, 3);
INSERT INTO `sys_user_role` VALUES (242, 243, 3);
INSERT INTO `sys_user_role` VALUES (243, 244, 3);
INSERT INTO `sys_user_role` VALUES (244, 245, 3);
INSERT INTO `sys_user_role` VALUES (245, 246, 3);
INSERT INTO `sys_user_role` VALUES (246, 247, 3);
INSERT INTO `sys_user_role` VALUES (247, 248, 3);
INSERT INTO `sys_user_role` VALUES (248, 249, 3);
INSERT INTO `sys_user_role` VALUES (249, 250, 3);
INSERT INTO `sys_user_role` VALUES (250, 251, 3);
INSERT INTO `sys_user_role` VALUES (251, 252, 3);
INSERT INTO `sys_user_role` VALUES (252, 253, 3);
INSERT INTO `sys_user_role` VALUES (253, 254, 3);
INSERT INTO `sys_user_role` VALUES (254, 255, 3);
INSERT INTO `sys_user_role` VALUES (255, 256, 3);
INSERT INTO `sys_user_role` VALUES (256, 257, 3);
INSERT INTO `sys_user_role` VALUES (257, 258, 3);
INSERT INTO `sys_user_role` VALUES (258, 259, 3);
INSERT INTO `sys_user_role` VALUES (259, 260, 3);
INSERT INTO `sys_user_role` VALUES (260, 261, 3);
INSERT INTO `sys_user_role` VALUES (261, 262, 3);
INSERT INTO `sys_user_role` VALUES (262, 263, 3);
INSERT INTO `sys_user_role` VALUES (263, 264, 3);
INSERT INTO `sys_user_role` VALUES (264, 265, 3);
INSERT INTO `sys_user_role` VALUES (265, 266, 3);
INSERT INTO `sys_user_role` VALUES (266, 267, 3);
INSERT INTO `sys_user_role` VALUES (267, 268, 3);
INSERT INTO `sys_user_role` VALUES (268, 269, 3);
INSERT INTO `sys_user_role` VALUES (269, 270, 3);
INSERT INTO `sys_user_role` VALUES (270, 271, 3);
INSERT INTO `sys_user_role` VALUES (271, 272, 3);
INSERT INTO `sys_user_role` VALUES (272, 273, 3);
INSERT INTO `sys_user_role` VALUES (273, 274, 3);
INSERT INTO `sys_user_role` VALUES (274, 275, 3);
INSERT INTO `sys_user_role` VALUES (275, 276, 3);
INSERT INTO `sys_user_role` VALUES (276, 277, 3);
INSERT INTO `sys_user_role` VALUES (277, 278, 3);
INSERT INTO `sys_user_role` VALUES (278, 279, 3);
INSERT INTO `sys_user_role` VALUES (279, 280, 3);
INSERT INTO `sys_user_role` VALUES (280, 281, 3);
INSERT INTO `sys_user_role` VALUES (281, 282, 3);
INSERT INTO `sys_user_role` VALUES (282, 283, 3);
INSERT INTO `sys_user_role` VALUES (283, 284, 3);
INSERT INTO `sys_user_role` VALUES (284, 285, 3);
INSERT INTO `sys_user_role` VALUES (285, 286, 3);
INSERT INTO `sys_user_role` VALUES (286, 287, 3);
INSERT INTO `sys_user_role` VALUES (287, 288, 3);
INSERT INTO `sys_user_role` VALUES (288, 289, 3);
INSERT INTO `sys_user_role` VALUES (289, 290, 3);
INSERT INTO `sys_user_role` VALUES (290, 291, 3);
INSERT INTO `sys_user_role` VALUES (291, 292, 3);
INSERT INTO `sys_user_role` VALUES (292, 293, 3);
INSERT INTO `sys_user_role` VALUES (293, 294, 3);
INSERT INTO `sys_user_role` VALUES (294, 295, 3);
INSERT INTO `sys_user_role` VALUES (295, 296, 3);
INSERT INTO `sys_user_role` VALUES (296, 297, 3);
INSERT INTO `sys_user_role` VALUES (297, 298, 3);
INSERT INTO `sys_user_role` VALUES (298, 299, 3);
INSERT INTO `sys_user_role` VALUES (299, 300, 3);
INSERT INTO `sys_user_role` VALUES (300, 301, 3);
INSERT INTO `sys_user_role` VALUES (301, 302, 3);
INSERT INTO `sys_user_role` VALUES (302, 303, 3);
INSERT INTO `sys_user_role` VALUES (303, 304, 3);
INSERT INTO `sys_user_role` VALUES (304, 305, 3);
INSERT INTO `sys_user_role` VALUES (305, 306, 3);
INSERT INTO `sys_user_role` VALUES (306, 307, 3);
INSERT INTO `sys_user_role` VALUES (307, 308, 3);
INSERT INTO `sys_user_role` VALUES (308, 309, 3);
INSERT INTO `sys_user_role` VALUES (309, 310, 3);
INSERT INTO `sys_user_role` VALUES (310, 311, 3);
INSERT INTO `sys_user_role` VALUES (311, 312, 3);
INSERT INTO `sys_user_role` VALUES (312, 313, 3);
INSERT INTO `sys_user_role` VALUES (313, 314, 3);
INSERT INTO `sys_user_role` VALUES (314, 315, 3);
INSERT INTO `sys_user_role` VALUES (315, 316, 3);
INSERT INTO `sys_user_role` VALUES (316, 317, 3);
INSERT INTO `sys_user_role` VALUES (317, 318, 3);
INSERT INTO `sys_user_role` VALUES (318, 319, 3);
INSERT INTO `sys_user_role` VALUES (319, 320, 3);
INSERT INTO `sys_user_role` VALUES (320, 321, 3);
INSERT INTO `sys_user_role` VALUES (321, 322, 3);
INSERT INTO `sys_user_role` VALUES (322, 323, 3);
INSERT INTO `sys_user_role` VALUES (323, 324, 3);
INSERT INTO `sys_user_role` VALUES (324, 325, 3);
INSERT INTO `sys_user_role` VALUES (325, 326, 3);
INSERT INTO `sys_user_role` VALUES (326, 327, 3);
INSERT INTO `sys_user_role` VALUES (327, 328, 3);
INSERT INTO `sys_user_role` VALUES (328, 329, 3);
INSERT INTO `sys_user_role` VALUES (329, 330, 3);
INSERT INTO `sys_user_role` VALUES (330, 331, 3);
INSERT INTO `sys_user_role` VALUES (331, 332, 3);
INSERT INTO `sys_user_role` VALUES (332, 333, 3);
INSERT INTO `sys_user_role` VALUES (333, 334, 3);
INSERT INTO `sys_user_role` VALUES (334, 335, 3);
INSERT INTO `sys_user_role` VALUES (335, 336, 3);
INSERT INTO `sys_user_role` VALUES (336, 337, 3);
INSERT INTO `sys_user_role` VALUES (337, 338, 3);
INSERT INTO `sys_user_role` VALUES (338, 339, 3);
INSERT INTO `sys_user_role` VALUES (339, 340, 3);
INSERT INTO `sys_user_role` VALUES (340, 341, 3);
INSERT INTO `sys_user_role` VALUES (341, 342, 3);
INSERT INTO `sys_user_role` VALUES (342, 343, 3);
INSERT INTO `sys_user_role` VALUES (343, 344, 3);
INSERT INTO `sys_user_role` VALUES (344, 345, 3);
INSERT INTO `sys_user_role` VALUES (345, 346, 3);
INSERT INTO `sys_user_role` VALUES (346, 347, 3);
INSERT INTO `sys_user_role` VALUES (347, 348, 3);
INSERT INTO `sys_user_role` VALUES (348, 349, 3);
INSERT INTO `sys_user_role` VALUES (349, 350, 3);
INSERT INTO `sys_user_role` VALUES (350, 351, 3);
INSERT INTO `sys_user_role` VALUES (351, 352, 3);
INSERT INTO `sys_user_role` VALUES (352, 353, 3);
INSERT INTO `sys_user_role` VALUES (353, 354, 3);
INSERT INTO `sys_user_role` VALUES (354, 355, 3);
INSERT INTO `sys_user_role` VALUES (355, 356, 3);
INSERT INTO `sys_user_role` VALUES (356, 357, 3);
INSERT INTO `sys_user_role` VALUES (357, 358, 3);
INSERT INTO `sys_user_role` VALUES (358, 359, 3);
INSERT INTO `sys_user_role` VALUES (359, 360, 3);
INSERT INTO `sys_user_role` VALUES (360, 361, 3);
INSERT INTO `sys_user_role` VALUES (361, 362, 3);
INSERT INTO `sys_user_role` VALUES (362, 363, 3);
INSERT INTO `sys_user_role` VALUES (363, 364, 3);
INSERT INTO `sys_user_role` VALUES (364, 365, 3);
INSERT INTO `sys_user_role` VALUES (365, 366, 3);
INSERT INTO `sys_user_role` VALUES (366, 367, 3);
INSERT INTO `sys_user_role` VALUES (367, 368, 3);
INSERT INTO `sys_user_role` VALUES (368, 369, 3);
INSERT INTO `sys_user_role` VALUES (369, 370, 3);
INSERT INTO `sys_user_role` VALUES (370, 371, 3);
INSERT INTO `sys_user_role` VALUES (371, 372, 3);
INSERT INTO `sys_user_role` VALUES (372, 373, 3);
INSERT INTO `sys_user_role` VALUES (373, 374, 3);
INSERT INTO `sys_user_role` VALUES (374, 375, 3);
INSERT INTO `sys_user_role` VALUES (375, 376, 3);
INSERT INTO `sys_user_role` VALUES (376, 377, 3);
INSERT INTO `sys_user_role` VALUES (377, 378, 3);
INSERT INTO `sys_user_role` VALUES (378, 379, 3);
INSERT INTO `sys_user_role` VALUES (379, 380, 3);
INSERT INTO `sys_user_role` VALUES (380, 381, 3);
INSERT INTO `sys_user_role` VALUES (381, 382, 3);
INSERT INTO `sys_user_role` VALUES (382, 383, 3);
INSERT INTO `sys_user_role` VALUES (383, 384, 3);
INSERT INTO `sys_user_role` VALUES (384, 385, 3);
INSERT INTO `sys_user_role` VALUES (385, 386, 3);
INSERT INTO `sys_user_role` VALUES (386, 387, 3);
INSERT INTO `sys_user_role` VALUES (387, 388, 3);
INSERT INTO `sys_user_role` VALUES (388, 389, 3);
INSERT INTO `sys_user_role` VALUES (389, 390, 3);
INSERT INTO `sys_user_role` VALUES (390, 391, 3);
INSERT INTO `sys_user_role` VALUES (391, 392, 3);
INSERT INTO `sys_user_role` VALUES (392, 393, 3);
INSERT INTO `sys_user_role` VALUES (393, 394, 3);
INSERT INTO `sys_user_role` VALUES (394, 395, 3);
INSERT INTO `sys_user_role` VALUES (395, 396, 3);
INSERT INTO `sys_user_role` VALUES (396, 397, 3);
INSERT INTO `sys_user_role` VALUES (397, 398, 3);

SET FOREIGN_KEY_CHECKS = 1;
